osm_id,tipe_osm,kategori,nama,brand,lat,lon,alamat_jalan,nomor_bangunan,kelurahan,kecamatan,kode_pos,ada_nama,ada_telepon,ada_website,ada_email,ada_instagram,ada_jam_buka,ada_menu,ada_wifi,ada_parkir,ada_ac,ada_toilet,halal,vegetarian,takeaway,delivery,drive_through,outdoor_seating,reservasi,bayar_kartu_kredit,bayar_qris,bayar_tunai,buka_24jam,buka_hari_libur,jam_buka_lengkap,jam_buka_raw,masakan,kapasitas,harga_range,wheelchair,fsq_id,fsq_nama,fsq_rating,fsq_total_checkin,fsq_total_tips,fsq_total_photos,fsq_price,fsq_verified,fsq_buka_sekarang,fsq_kategori,fsq_alamat,fsq_kecamatan,fsq_cocok,skor_kelengkapan,label_kelengkapan,ada_media_sosial,ada_digital_payment,ada_layanan_modern,label_rating_fsq,ada_rating,rating_normalized,skor_popularitas
415826788,node,restaurant,Mie Hokkien Rajake,,-7.2658834,112.7560738,,,,,,1,0,0,0,0,0,0,0,0,0,0,0,0,0,0,0,0,0,0,0,1,0,0,0,,,,,0,,,,,,,,,,,,,,1,tidak_ada_info,0,0,0,tidak_ada_rating,0,0.0,2
420468986,node,restaurant,Ah Yat Abalone Forum,,-7.2921492,112.7153034,,,,,,1,0,0,0,0,0,0,0,0,0,0,0,0,0,0,0,0,0,0,0,1,0,0,0,,chinese,,,0,,,,,,,,,,,,,,1,tidak_ada_info,0,0,0,tidak_ada_rating,0,0.0,2
421219476,node,restaurant,Daun Lada,,-7.282439,112.7068932,,,,,,1,0,0,0,0,0,0,0,0,0,0,0,0,0,0,0,0,0,0,0,1,0,0,0,,indonesian,,,0,,,,,,,,,,,,,,1,tidak_ada_info,0,0,0,tidak_ada_rating,0,0.0,2
421991642,node,restaurant,Kuningan Restaurant,,-7.2716247,112.750176,,,,,,1,0,0,0,0,0,0,0,0,0,0,0,0,0,0,0,0,0,0,0,1,0,0,0,,indonesian,,,0,,,,,,,,,,,,,,1,tidak_ada_info,0,0,0,tidak_ada_rating,0,0.0,2
1340762170,node,restaurant,D' Cost,,-7.2945494,112.6762066,,,,,,1,1,1,0,0,1,0,0,0,0,0,0,0,0,0,0,0,0,0,0,1,0,1,1,Mo-Su 11:00-21:00,"seafood, crab",,,0,,,,,,,,,,,,,,4,minim,1,0,0,tidak_ada_rating,0,0.0,8
1956411994,node,restaurant,Double Happiness,,-7.2679015,112.7371751,,,,,,1,0,0,0,0,0,0,0,0,0,0,0,0,0,0,0,0,0,0,0,1,0,0,0,,,,,0,,,,,,,,,,,,,,1,tidak_ada_info,0,0,0,tidak_ada_rating,0,0.0,2
2106536249,node,restaurant,Pizza Hut,Pizza Hut,-7.2660141,112.7962171,,,,,,1,0,0,0,0,0,0,0,0,0,0,0,0,0,0,0,0,0,0,0,1,0,0,0,,pizza,,,0,,,,,,,,,,,,,,1,tidak_ada_info,0,0,0,tidak_ada_rating,0,0.0,2
2106536258,node,restaurant,SAS Cafe & Resto,,-7.2704261,112.7986184,Jl. Baskara Sawah,No.30,,,60112,1,0,0,0,0,0,0,0,0,0,0,0,0,0,0,0,0,0,0,0,1,0,0,0,,,,,0,,,,,,,,,,,,,,1,tidak_ada_info,0,0,0,tidak_ada_rating,0,0.0,2
2938710618,node,restaurant,Depot Sari Sop Buntut,,-7.23698,112.7388116,,,,,,1,0,0,0,0,0,0,0,0,0,0,0,0,0,0,0,0,0,0,0,1,0,0,0,,asian,,,0,,,,,,,,,,,,,,1,tidak_ada_info,0,0,0,tidak_ada_rating,0,0.0,2
2938728761,node,restaurant,Pecel Kebon Rojo,,-7.2430189,112.7383002,,,,,,1,0,0,0,0,0,0,0,0,0,0,0,0,0,0,0,0,0,0,0,1,0,0,0,,asian,,,0,,,,,,,,,,,,,,1,tidak_ada_info,0,0,0,tidak_ada_rating,0,0.0,2
3123675668,node,restaurant,Bebek Goreng Hj. Slamet,,-7.2744912,112.7481806,Jalan Bali,19,,,,1,0,0,0,0,0,0,0,0,0,0,0,0,0,0,0,0,0,0,0,1,0,0,0,,Javanese,,,0,,,,,,,,,,,,,,1,tidak_ada_info,0,0,0,tidak_ada_rating,0,0.0,2
3166309004,node,restaurant,Holycow! Steakhouse by Chef Afit,,-7.2666247,112.7399292,Jalan Pregolan,6,,,60262,1,0,0,0,0,1,0,1,0,0,0,0,0,0,0,0,0,0,0,0,1,0,1,1,Mo-Su 11:00-22:00,steak_house;american,,,0,,,,,,,,,,,,,,3,minim,0,0,0,tidak_ada_rating,0,0.0,6
3310860033,node,restaurant,Lamongan Indah,,-7.2702372,112.7605562,Jl. Karang Menjangan,,,,,1,0,0,0,0,1,0,0,0,0,0,0,0,0,0,0,0,0,0,0,1,0,0,1,16:00-23:00,regional,24,,0,,,,,,,,,,,,,,2,minim,0,0,0,tidak_ada_rating,0,0.0,4
3773465058,node,restaurant,Bebek Goreng H. Slamet,,-7.3204609,112.7568277,,,,,,1,0,0,0,0,0,0,0,0,0,0,0,0,0,0,0,0,0,0,0,1,0,0,0,,regional,,,0,,,,,,,,,,,,,,1,tidak_ada_info,0,0,0,tidak_ada_rating,0,0.0,2
3976019421,node,restaurant,,,-7.2705538,112.7605583,,,,,,0,0,0,0,0,0,0,0,0,0,0,0,0,0,0,0,0,0,0,0,1,0,0,0,,,,,0,,,,,,,,,,,,,,0,tidak_ada_info,0,0,0,tidak_ada_rating,0,0.0,0
3976019422,node,restaurant,,,-7.2705201,112.7595293,,,,,,0,0,0,0,0,0,0,0,0,0,0,0,0,0,0,0,0,0,0,0,1,0,0,0,,,,,0,,,,,,,,,,,,,,0,tidak_ada_info,0,0,0,tidak_ada_rating,0,0.0,0
4114686989,node,restaurant,Fat Choi Noodle,,-7.2772972,112.7491781,,,,,,1,0,0,0,0,0,0,0,0,0,0,0,0,0,0,0,0,0,0,0,1,0,0,0,,noodle,,,0,,,,,,,,,,,,,,1,tidak_ada_info,0,0,0,tidak_ada_rating,0,0.0,2
4187484631,node,restaurant,3M Makassar,,-7.3030962,112.781233,Jl Dr Ir Soekarno Merr Semolowaru,3M MakassaRuko Central Business Park No 8 r,,,60119,1,0,0,0,0,0,0,0,0,0,0,0,0,0,0,0,0,0,0,0,1,0,0,0,,,,,0,,,,,,,,,,,,,,1,tidak_ada_info,0,0,0,tidak_ada_rating,0,0.0,2
4187488347,node,restaurant,Six and Eat,,-7.259623,112.7555903,Jl. Prambanan,No.6,,,60131,1,0,0,0,0,0,0,0,0,0,0,0,0,0,0,0,0,0,0,0,1,0,0,0,,,,,0,,,,,,,,,,,,,,1,tidak_ada_info,0,0,0,tidak_ada_rating,0,0.0,2
4187553284,node,restaurant,A Cafe,,-7.2633233,112.740487,Jl. Basuki Rahmat,No.8-13,,,60261,1,0,0,0,0,0,0,0,0,0,0,0,0,0,0,0,0,0,0,0,1,0,0,0,,,,,0,,,,,,,,,,,,,,1,tidak_ada_info,0,0,0,tidak_ada_rating,0,0.0,2
4188596247,node,restaurant,Al hamra restaurant,,-7.2592403,112.7461506,Jl. Jaksa Agung Suprapto,No.11,,,60272,1,0,0,0,0,0,0,0,0,0,0,0,0,0,0,0,0,0,0,0,1,0,0,0,,,,,0,,,,,,,,,,,,,,1,tidak_ada_info,0,0,0,tidak_ada_rating,0,0.0,2
4188627398,node,restaurant,Gudeg Bu Toegijo,,-7.2792009,112.7576856,"Jalan Gubeng Kertajaya, Gang VIA",Nomor 46,,,60281,1,0,0,0,0,0,0,0,0,0,0,0,0,0,0,0,0,0,0,0,1,0,0,0,,,,,0,,,,,,,,,,,,,,1,tidak_ada_info,0,0,0,tidak_ada_rating,0,0.0,2
4188627920,node,restaurant,"KACANG IJO PUCANG ANOM ""PASAR PUCANG""",,-7.2854392,112.7528843,Jalan Pucang Anom V,,,,60283,1,0,0,0,0,0,0,0,0,0,0,0,0,0,0,0,0,0,0,0,1,0,0,0,,,,,0,,,,,,,,,,,,,,1,tidak_ada_info,0,0,0,tidak_ada_rating,0,0.0,2
4188634711,node,restaurant,AIE DOHO,,-7.2818601,112.7439225,Jl. Doho,No.9,,,60265,1,0,0,0,0,0,0,0,0,0,0,0,0,0,0,0,0,0,0,0,1,0,0,0,,,,,0,,,,,,,,,,,,,,1,tidak_ada_info,0,0,0,tidak_ada_rating,0,0.0,2
4188652874,node,restaurant,Aiola Eatery,,-7.258735,112.7502426,Jalan Slamet,No.16,,,60272,1,0,0,0,0,0,0,0,0,0,0,0,0,0,0,0,0,0,0,0,1,0,0,0,,,,,0,,,,,,,,,,,,,,1,tidak_ada_info,0,0,0,tidak_ada_rating,0,0.0,2
4188712496,node,restaurant,Hanamasa,,-7.2659117,112.7513729,Jalan Gubeng Pojok,Nomor 31,,,60272,1,0,0,0,0,0,0,0,0,0,0,0,0,0,0,0,0,0,0,0,1,0,0,0,,japanese,,,0,,,,,,,,,,,,,,1,tidak_ada_info,0,0,0,tidak_ada_rating,0,0.0,2
4188717314,node,restaurant,"Hapsari (Tahu Bakso Semarang, Siomay)",,-7.2622627,112.7404451,"Jalan Tunjungan, Tunjungan Plaza Ground Floor",,,,60261,1,0,0,0,0,0,0,0,0,0,0,0,0,0,0,0,0,0,0,0,1,0,0,0,,,,,0,,,,,,,,,,,,,,1,tidak_ada_info,0,0,0,tidak_ada_rating,0,0.0,2
4188783624,node,restaurant,Rawon Calculator,,-7.2916281,112.7401696,JL. Raya Progo,,,,60241,1,0,0,0,0,0,0,0,0,0,0,0,0,0,0,0,0,0,0,0,1,0,0,0,,,,,0,,,,,,,,,,,,,,1,tidak_ada_info,0,0,0,tidak_ada_rating,0,0.0,2
4188788108,node,restaurant,Rawon Setan,,-7.2592042,112.7351462,Jalan Embong Malang,78/II,,,60275,1,0,0,0,0,0,0,0,0,0,0,0,0,0,0,0,0,0,0,0,1,0,0,0,,,,,0,,,,,,,,,,,,,,1,tidak_ada_info,0,0,0,tidak_ada_rating,0,0.0,2
4188793761,node,restaurant,Hok Siong,,-7.2580236,112.7323546,Jalan Tidar,,,,60251,1,0,0,0,0,0,0,0,0,0,0,0,0,0,0,0,0,0,0,0,1,0,0,0,,chinese,,,0,,,,,,,,,,,,,,1,tidak_ada_info,0,0,0,tidak_ada_rating,0,0.0,2
4188912789,node,restaurant,"RM ""PADIN"" Aneka Penyetan (Bu. Dewi Achmad)",,-7.2557805,112.7324482,Jl. Kranggan,No.26 C,,,60174,1,0,0,0,0,0,0,0,0,0,0,0,0,0,0,0,0,0,0,0,1,0,0,0,,,,,0,,,,,,,,,,,,,,1,tidak_ada_info,0,0,0,tidak_ada_rating,0,0.0,2
4188930090,node,restaurant,Kepiting Cak Gundul 1992,,-7.2782792,112.7078732,Jalan Raya Kupang Indah,No. 45 C-D,,,67156,1,0,0,0,0,0,0,0,0,0,0,0,0,0,0,0,0,0,0,0,1,0,0,0,,,,,0,,,,,,,,,,,,,,1,tidak_ada_info,0,0,0,tidak_ada_rating,0,0.0,2
4189116356,node,restaurant,Ayam Bakar Primarasa,,-7.3301122,112.7303911,Jalan Ahmad Yani,No. 166,,,60235,1,0,0,0,0,0,0,0,0,0,0,0,0,0,0,0,0,0,0,0,1,0,0,0,,,,,0,,,,,,,,,,,,,,1,tidak_ada_info,0,0,0,tidak_ada_rating,0,0.0,2
4189119761,node,restaurant,Ayam Bakar Wong Solo,,-7.2599043,112.7438561,Jl. Walikota Mustajab,N0.19,,,60272,1,0,0,0,0,0,0,0,0,0,0,0,0,0,0,0,0,0,0,0,1,0,0,0,,,,,0,,,,,,,,,,,,,,1,tidak_ada_info,0,0,0,tidak_ada_rating,0,0.0,2
4189121072,node,restaurant,Ayam Goreng Asli Pemuda,,-7.2578742,112.7310267,Jl. Tidar,No.9-11,,,60251,1,0,0,0,0,0,0,0,0,0,0,0,0,0,0,0,0,0,0,0,1,0,0,0,,,,,0,,,,,,,,,,,,,,1,tidak_ada_info,0,0,0,tidak_ada_rating,0,0.0,2
4189124624,node,restaurant,Ayam Goreng President,,-7.2580177,112.7324236,Jl. Tidar,No.22,,,60251,1,0,0,0,0,0,0,0,0,0,0,0,0,0,0,0,0,0,0,0,1,0,0,0,,,,,0,,,,,,,,,,,,,,1,tidak_ada_info,0,0,0,tidak_ada_rating,0,0.0,2
4189128800,node,restaurant,Ayam Tulang Lunak Malioboro,,-7.2795144,112.7376245,"Jl. Raden Ajeng Kartini,",No. 47,,,60261,1,0,0,0,0,0,0,0,0,0,0,0,0,0,0,0,0,0,0,0,1,0,0,0,,,,,0,,,,,,,,,,,,,,1,tidak_ada_info,0,0,0,tidak_ada_rating,0,0.0,2
4189167894,node,restaurant,Rujak Cingur Ahmad Jais,,-7.2554948,112.740236,Jalan Achmad Jais,No.40,,,60274,1,0,0,0,0,0,0,0,0,0,0,0,0,0,0,0,0,0,0,0,1,0,0,0,,,,,0,,,,,,,,,,,,,,1,tidak_ada_info,0,0,0,tidak_ada_rating,0,0.0,2
4189188989,node,restaurant,Rujak Cingur Genteng Durasim,,-7.2579908,112.7403535,Jl. Genteng Durasim,No.29,,,60275,1,0,0,0,0,0,0,0,0,0,0,0,0,0,0,0,0,0,0,0,1,0,0,0,,,,,0,,,,,,,,,,,,,,1,tidak_ada_info,0,0,0,tidak_ada_rating,0,0.0,2
4189198093,node,restaurant,Bakso Kepala Sapi,,-7.2559081,112.7322429,Jl. Kranggan,,,,60252,1,0,0,0,0,0,0,0,0,0,0,0,0,0,0,0,0,0,0,0,1,0,0,0,,regional,,,0,,,,,,,,,,,,,,1,tidak_ada_info,0,0,0,tidak_ada_rating,0,0.0,2
4189200664,node,restaurant,Bakmi Plengkung Gading,,-7.2668316,112.7278827,Jl. Raya Arjuno,No.140,,,60252,1,0,0,0,0,0,0,0,0,0,0,0,0,0,0,0,0,0,0,0,1,0,0,0,,,,,0,,,,,,,,,,,,,,1,tidak_ada_info,0,0,0,tidak_ada_rating,0,0.0,2
4189210933,node,restaurant,Bakso Kotak Cak Rie,,-7.3188814,112.7384304,Jl. Wonocolo Pabrik Kulit No.69,,,,60237,1,0,0,0,0,0,0,0,0,0,0,0,0,0,0,0,0,0,0,0,1,0,0,0,,,,,0,,,,,,,,,,,,,,1,tidak_ada_info,0,0,0,tidak_ada_rating,0,0.0,2
4189216552,node,restaurant,Bakso Pak Sabar,,-7.272636,112.7528146,Jl. Gubeng Jaya Langgar,No.11,,,60281,1,0,0,0,0,0,0,0,0,0,0,0,0,0,0,0,0,0,0,0,1,0,0,0,,,,,0,,,,,,,,,,,,,,1,tidak_ada_info,0,0,0,tidak_ada_rating,0,0.0,2
4189218308,node,restaurant,Bakso Solo,,-7.2736436,112.752319,Jl. Gubeng Jaya,,,,60286,1,0,0,0,0,0,0,0,0,0,0,0,0,0,0,0,0,0,0,0,1,0,0,0,,,,,0,,,,,,,,,,,,,,1,tidak_ada_info,0,0,0,tidak_ada_rating,0,0.0,2
4189238974,node,restaurant,Kober Mie Setan,,-7.2599453,112.7513861,Jl. Kaca Piring,14,,,60272,1,0,0,0,0,0,0,0,0,0,0,0,0,0,0,0,0,0,0,0,1,0,0,0,,,,,0,,,,,,,,,,,,,,1,tidak_ada_info,0,0,0,tidak_ada_rating,0,0.0,2
4189254324,node,restaurant,Bangi Kopitiam,,-7.2601542,112.7452536,Jl. Walikota Mustajab No.41,,,,60272,1,0,0,0,0,0,0,0,0,0,0,0,0,0,0,0,0,0,0,0,1,0,0,0,,,,,0,,,,,,,,,,,,,,1,tidak_ada_info,0,0,0,tidak_ada_rating,0,0.0,2
4189254390,node,restaurant,Banana Bil-Bil Food,,-7.2738994,112.6520007,Jl. Raya Bungkal,,,,60217,1,0,0,0,0,0,0,0,0,0,0,0,0,0,0,0,0,0,0,0,1,0,0,0,,,,,0,,,,,,,,,,,,,,1,tidak_ada_info,0,0,0,tidak_ada_rating,0,0.0,2
4189256461,node,restaurant,Bandar Djakarta,,-7.282705,112.6875828,Jalan HR. Mohamad,No.360,,,60226,1,0,1,0,0,1,0,0,0,0,0,0,0,0,0,0,0,0,0,0,1,0,1,1,Mo-Su 11:00-23:00,seafood,,,0,,,,,,,,,,,,,,3,minim,1,0,0,tidak_ada_rating,0,0.0,6
4189265543,node,restaurant,Bangi Kopitiam,,-7.2605422,112.7413609,Jalan Simpang Dukuh,,,,60261,1,0,0,0,0,0,0,0,0,0,0,0,0,0,0,0,0,0,0,0,1,0,0,0,,,,,0,,,,,,,,,,,,,,1,tidak_ada_info,0,0,0,tidak_ada_rating,0,0.0,2
4189292998,node,restaurant,Rumah Makan Sriwedari,,-7.3212425,112.7470407,Jl. Raya Kendangsari,No.99,,,60292,1,0,0,0,0,0,0,0,0,0,0,0,0,0,0,0,0,0,0,0,1,0,0,0,,,,,0,,,,,,,,,,,,,,1,tidak_ada_info,0,0,0,tidak_ada_rating,0,0.0,2
4191000242,node,restaurant,Bebek Goreng Cak Yudi,,-7.2215902,112.7310234,Jl. Tanjung Torowitan,,,,60177,1,0,0,0,0,0,0,0,0,0,0,0,0,0,0,0,0,0,0,0,1,0,0,0,,,,,0,,,,,,,,,,,,,,1,tidak_ada_info,0,0,0,tidak_ada_rating,0,0.0,2
4191000628,node,restaurant,Bebek Goreng H. Slamet,,-7.2892341,112.7531493,Jalan Ngagel Jaya Utara,No.6,,,60283,1,0,0,0,0,0,0,0,0,0,0,0,0,0,0,0,0,0,0,0,1,0,0,0,,,,,0,,,,,,,,,,,,,,1,tidak_ada_info,0,0,0,tidak_ada_rating,0,0.0,2
4191003641,node,restaurant,Bebek Goreng Harissa,,-7.2601562,112.744596,Jl. Walikota Mustajab,No.47,,,60272,1,0,0,0,0,0,0,0,0,0,0,0,0,0,0,0,0,0,0,0,1,0,0,0,,,,,0,,,,,,,,,,,,,,1,tidak_ada_info,0,0,0,tidak_ada_rating,0,0.0,2
4191006962,node,restaurant,Nasi Bebek Kanwa,,-7.2846673,112.7305035,Jl. Kanwa No.24,,,,60241,1,0,0,0,0,0,0,0,0,0,0,0,0,0,0,0,0,0,0,0,1,0,0,0,,,,,0,,,,,,,,,,,,,,1,tidak_ada_info,0,0,0,tidak_ada_rating,0,0.0,2
4191009462,node,restaurant,Bebek Pak Joss Cab. Dharmahusada,,-7.266949,112.7693229,Jl. Dharmahusada,No.134,,,60285,1,0,0,0,0,0,0,0,0,0,0,0,0,0,0,0,0,0,0,0,1,0,0,0,,,,,0,,,,,,,,,,,,,,1,tidak_ada_info,0,0,0,tidak_ada_rating,0,0.0,2
4191009465,node,restaurant,Restoran Bebek Tepi Sawah Surabaya,,-7.2931307,112.7410561,Jl. Darmokali,No. 50,,,60241,1,0,0,0,0,0,0,0,0,0,0,0,0,0,0,0,0,0,0,0,1,0,0,0,,,,,0,,,,,,,,,,,,,,1,tidak_ada_info,0,0,0,tidak_ada_rating,0,0.0,2
4191012268,node,restaurant,Bebek Sinjay,,-7.2477882,112.7587431,Jalan Kapas Krampung,No. 45,,,60142,1,0,0,0,0,0,0,0,0,0,0,0,0,0,0,0,0,0,0,0,1,0,0,0,,,,,0,,,,,,,,,,,,,,1,tidak_ada_info,0,0,0,tidak_ada_rating,0,0.0,2
4191012881,node,restaurant,Bebek Tugu Pahlawan,,-7.2473742,112.7378476,Jalan Tembaan,No.19A,,,60174,1,0,0,0,0,0,0,0,0,0,0,0,0,0,0,0,0,0,0,0,1,0,0,0,,,,,0,,,,,,,,,,,,,,1,tidak_ada_info,0,0,0,tidak_ada_rating,0,0.0,2
4191015603,node,restaurant,Bebek Kayu Tangan,,-7.298135,112.75236,Jalan Bratang Gede No.68,,,,60245,1,0,0,0,0,0,0,0,0,0,0,0,0,0,0,0,0,0,0,0,1,0,0,0,,,,,0,,,,,,,,,,,,,,1,tidak_ada_info,0,0,0,tidak_ada_rating,0,0.0,2
4191041189,node,restaurant,Sambel Bu Rudy,,-7.267145,112.7698673,Jl. Dharmahusada,No.140,,,60285,1,0,0,0,0,0,0,0,0,0,0,0,0,0,0,0,0,0,0,0,1,0,0,0,,,,,0,,,,,,,,,,,,,,1,tidak_ada_info,0,0,0,tidak_ada_rating,0,0.0,2
4191059952,node,restaurant,Sate Ayam Madura Krembangan,,-7.2406764,112.7338244,Jl. Sanggar,,,,60175,1,0,0,0,0,0,0,0,0,0,0,0,0,0,0,0,0,0,0,0,1,0,0,0,,,,,0,,,,,,,,,,,,,,1,tidak_ada_info,0,0,0,tidak_ada_rating,0,0.0,2
4191065950,node,restaurant,Sate Ayam Mulyosari,,-7.2687922,112.7966507,Jl. Raya Mulyosari,No.141,,,60112,1,0,0,0,0,0,0,0,0,0,0,0,0,0,0,0,0,0,0,0,1,0,0,0,,,,,0,,,,,,,,,,,,,,1,tidak_ada_info,0,0,0,tidak_ada_rating,0,0.0,2
4191069983,node,restaurant,Bima Restaurant,,-7.2562508,112.738598,Jl. Genteng Kali,No. 97-99,,,60275,1,0,0,0,0,0,0,0,0,0,0,0,0,0,0,0,0,0,0,0,1,0,0,0,,,,,0,,,,,,,,,,,,,,1,tidak_ada_info,0,0,0,tidak_ada_rating,0,0.0,2
4191101739,node,restaurant,Sate Kambing & Gulai Keputih,,-7.2881922,112.7980034,Jl. Keputih,No. 2C,,,60111,1,0,0,0,0,0,0,0,0,0,0,0,0,0,0,0,0,0,0,0,1,0,0,0,,,,,0,,,,,,,,,,,,,,1,tidak_ada_info,0,0,0,tidak_ada_rating,0,0.0,2
4191105597,node,restaurant,Sate Klopo Ondomohen,,-7.2599859,112.7442619,Jl. Walikota Mustajab,No. 36,,,60272,1,0,0,0,0,0,0,0,0,0,0,0,0,0,0,0,0,0,0,0,1,0,0,0,,,,,0,,,,,,,,,,,,,,1,tidak_ada_info,0,0,0,tidak_ada_rating,0,0.0,2
4191117195,node,restaurant,Layar Perum Bukit Mas,,-7.2936484,112.7066604,"Perum Bukit Mas, Jalan Abdul Wahab Siamin",88,,,60224,1,0,0,0,0,0,0,0,0,0,0,0,0,0,0,0,0,0,0,0,1,0,0,0,,,,,0,,,,,,,,,,,,,,1,tidak_ada_info,0,0,0,tidak_ada_rating,0,0.0,2
4191138289,node,restaurant,Seafood Kapasan (Simo Lawang Baru Pojok),,-7.2403972,112.7520042,Jl. Kapasan,No. 22,,,60141,1,0,0,0,0,0,0,0,0,0,0,0,0,0,0,0,0,0,0,0,1,0,0,0,,,,,0,,,,,,,,,,,,,,1,tidak_ada_info,0,0,0,tidak_ada_rating,0,0.0,2
4191146385,node,restaurant,Sego Njamoer,,-7.2820499,112.7892322,Jl. Gebang Wetan,No.2B,,,60117,1,0,0,0,0,0,0,0,0,0,0,0,0,0,0,0,0,0,0,0,1,0,0,0,,,,,0,,,,,,,,,,,,,,1,tidak_ada_info,0,0,0,tidak_ada_rating,0,0.0,2
4191147158,node,restaurant,Libreria Eatery,,-7.2928621,112.755556,"Gubeng, Jl. Raya Ngagel Jaya",89,,,60246,1,0,0,0,0,0,0,0,0,0,0,0,0,0,0,0,0,0,0,0,1,0,0,0,,,,,0,,,,,,,,,,,,,,1,tidak_ada_info,0,0,0,tidak_ada_rating,0,0.0,2
4191151284,node,restaurant,Brother Union Eatery,,-7.2800787,112.7438658,"Holland Bakery Lt. II, Jl. Polisi Istimewa",No. 1,,,60261,1,0,0,0,0,0,0,0,0,0,0,0,0,0,0,0,0,0,0,0,1,0,0,0,,,,,0,,,,,,,,,,,,,,1,tidak_ada_info,0,0,0,tidak_ada_rating,0,0.0,2
4191152908,node,restaurant,Sego Sambel Mak Yeye,,-7.3012724,112.7382068,Jl. Jagir Wonokromo Wetan,,,,60244,1,0,0,0,0,0,0,0,0,0,0,0,0,0,0,0,0,0,0,0,1,0,0,0,,,,,0,,,,,,,,,,,,,,1,tidak_ada_info,0,0,0,tidak_ada_rating,0,0.0,2
4191152964,node,restaurant,Bu Rudy,,-7.2583867,112.7288824,Jalan Anjasmoro,No. 45,,,60251,1,0,0,0,0,0,0,0,0,0,0,0,0,0,0,0,0,0,0,0,1,0,0,0,,,,,0,,,,,,,,,,,,,,1,tidak_ada_info,0,0,0,tidak_ada_rating,0,0.0,2
4191180353,node,restaurant,Cailano,,-7.2828265,112.7763242,Jl. Klampis Jaya,,,,60115,1,0,0,0,0,0,0,0,0,0,0,0,0,0,0,0,0,0,0,0,1,0,0,0,,,,,0,,,,,,,,,,,,,,1,tidak_ada_info,0,0,0,tidak_ada_rating,0,0.0,2
4191187971,node,restaurant,Mahameru Restaurant,,-7.2807432,112.7319113,Jalan Raya Diponegoro,152,,,60264,1,0,0,0,0,0,0,0,0,0,0,0,0,0,0,0,0,0,0,0,1,0,0,0,,,,,0,,,,,,,,,,,,,,1,tidak_ada_info,0,0,0,tidak_ada_rating,0,0.0,2
4191190470,node,restaurant,CALORIA RESTO,,-7.27596,112.773061,Jalan Raya Dharma Husada Indah,No. 87,,,60115,1,0,0,0,0,0,0,0,0,0,0,0,0,0,0,0,0,0,0,0,1,0,0,0,,,,,0,,,,,,,,,,,,,,1,tidak_ada_info,0,0,0,tidak_ada_rating,0,0.0,2
4191190958,node,restaurant,MAKAM FAMILI SAMBONGAN,,-7.2794981,112.7470282,Jalan Ngagel,,,,60246,1,0,0,0,0,0,0,0,0,0,0,0,0,0,0,0,0,0,0,0,1,0,0,0,,,,,0,,,,,,,,,,,,,,1,tidak_ada_info,0,0,0,tidak_ada_rating,0,0.0,2
4191195170,node,restaurant,Makan Rumahan,,-7.2975725,112.7678291,Jl. Manyar Jaya V,1A,,,60116,1,0,0,0,0,0,0,0,0,0,0,0,0,0,0,0,0,0,0,0,1,0,0,0,,,,,0,,,,,,,,,,,,,,1,tidak_ada_info,0,0,0,tidak_ada_rating,0,0.0,2
4191224565,node,restaurant,Carpentier Kitchen,,-7.2845311,112.7363643,Jl. Untung Suropati,No.83,,,,1,0,0,0,0,0,0,0,0,0,0,0,0,0,0,0,0,0,0,0,1,0,0,0,,,,,0,,,,,,,,,,,,,,1,tidak_ada_info,0,0,0,tidak_ada_rating,0,0.0,2
4191227166,node,restaurant,Sentra Kuliner Taman Flora,,-7.2944115,112.7612098,Jalan Ngagel Jaya Selatan,,,,60284,1,0,0,0,0,0,0,0,0,0,0,0,0,0,0,0,0,0,0,0,1,0,0,0,,,,,0,,,,,,,,,,,,,,1,tidak_ada_info,0,0,0,tidak_ada_rating,0,0.0,2
4191451056,node,restaurant,Crab 'N Chef,,-7.2767171,112.8042307,"Lenmarc Mall Ground Floor A2, Jl. Bukit Darmo Boulevard",,,,60112,1,0,0,0,0,0,0,0,0,0,0,0,0,0,0,0,0,0,0,0,1,0,0,0,,,,,0,,,,,,,,,,,,,,1,tidak_ada_info,0,0,0,tidak_ada_rating,0,0.0,2
4191482695,node,restaurant,Society Complex,,-7.2696093,112.749277,Jl. Sumatra,No.40,,,60281,1,0,0,0,0,0,0,0,0,0,0,0,0,0,0,0,0,0,0,0,1,0,0,0,,,,,0,,,,,,,,,,,,,,1,tidak_ada_info,0,0,0,tidak_ada_rating,0,0.0,2
4191493754,node,restaurant,Soto Ambengan Pak Sadi Asli,,-7.2557241,112.7449926,Jalan Ambengan,No.3 A,,,60272,1,0,0,0,0,0,0,0,0,0,0,0,0,0,0,0,0,0,0,0,1,0,0,0,,,,,0,,,,,,,,,,,,,,1,tidak_ada_info,0,0,0,tidak_ada_rating,0,0.0,2
4191859974,node,restaurant,Donburi Be Happy,,-7.2506586,112.6613932,Indah Food Junction FC 26,,,,60186,1,0,0,0,0,0,0,0,0,0,0,0,0,0,0,0,0,0,0,0,1,0,0,0,,,,,0,,,,,,,,,,,,,,1,tidak_ada_info,0,0,0,tidak_ada_rating,0,0.0,2
4191878233,node,restaurant,De Mandailing,,-7.2879591,112.7757647,Jl. Klampis Jaya,No.10 B,,,60117,1,0,0,0,0,0,0,0,0,0,0,0,0,0,0,0,0,0,0,0,1,0,0,0,,,,,0,,,,,,,,,,,,,,1,tidak_ada_info,0,0,0,tidak_ada_rating,0,0.0,2
4192735790,node,restaurant,Soto Ayam Lamongan Cak Har,,-7.295653,112.7812929,Jl. Dr. Ir. H. Soekarno,No.220,,,60119,1,0,0,0,0,0,0,0,0,0,0,0,0,0,0,0,0,0,0,0,1,0,0,0,,,,,0,,,,,,,,,,,,,,1,tidak_ada_info,0,0,0,tidak_ada_rating,0,0.0,2
4192736949,node,restaurant,Moi Garden,,-7.2784716,112.7654968,Jl. Manyar Kertoarjo,54 - 56,,,60116,1,0,0,0,0,0,0,0,0,0,0,0,0,0,0,0,0,0,0,0,1,0,0,0,,chinese,,,0,,,,,,,,,,,,,,1,tidak_ada_info,0,0,0,tidak_ada_rating,0,0.0,2
4192738510,node,restaurant,Soto Daging Marmoyo,,-7.2966198,112.7399017,Jl. Marmoyo,No.7 B,,,60241,1,0,0,0,0,0,0,0,0,0,0,0,0,0,0,0,0,0,0,0,1,0,0,0,,,,,0,,,,,,,,,,,,,,1,tidak_ada_info,0,0,0,tidak_ada_rating,0,0.0,2
4192739828,node,restaurant,Soto Madura Tapak Siring,,-7.265689,112.7637491,Jl. Mayjen. Prof. Dr. Mustopo,,,,60285,1,0,0,0,0,0,0,0,0,0,0,0,0,0,0,0,0,0,0,0,1,0,0,0,,,,,0,,,,,,,,,,,,,,1,tidak_ada_info,0,0,0,tidak_ada_rating,0,0.0,2
4192741560,node,restaurant,Soto Madura Wawan,,-7.2920505,112.7247081,Jalan Mayjen Sungkono,No.86,,,60256,1,0,0,0,0,0,0,0,0,0,0,0,0,0,0,0,0,0,0,0,1,0,0,0,,,,,0,,,,,,,,,,,,,,1,tidak_ada_info,0,0,0,tidak_ada_rating,0,0.0,2
4192743820,node,restaurant,Depot AT 29,,-7.3204001,112.7652008,Jalan Tenggilis Mejoyo Blok AI,No.29,,,60293,1,0,0,0,0,0,0,0,0,0,0,0,0,0,0,0,0,0,0,0,1,0,0,0,,,,,0,,,,,,,,,,,,,,1,tidak_ada_info,0,0,0,tidak_ada_rating,0,0.0,2
4192745002,node,restaurant,Depot Bali,,-7.2524231,112.7419006,Jalan Makam Peneleh,No. 30,,,60274,1,0,0,0,0,0,0,0,0,0,0,0,0,0,0,0,0,0,0,0,1,0,0,0,,,,,0,,,,,,,,,,,,,,1,tidak_ada_info,0,0,0,tidak_ada_rating,0,0.0,2
4192745003,node,restaurant,Muttonbird Bistro & Rooftop,,-7.3173549,112.7804057,Jalan Dr. Ir. H. Soekarno,14,,,60117,1,0,0,0,0,0,0,0,0,0,0,0,0,0,0,0,0,0,0,0,1,0,0,0,,,,,0,,,,,,,,,,,,,,1,tidak_ada_info,0,0,0,tidak_ada_rating,0,0.0,2
4192745870,node,restaurant,Warung Sejedewe,,-7.3196798,112.7627696,Jl. Raya Tenggilis Mejoyo,,,,60292,1,0,0,0,0,0,0,0,0,0,0,0,0,0,0,0,0,0,0,0,1,0,0,0,,,,,0,,,,,,,,,,,,,,1,tidak_ada_info,0,0,0,tidak_ada_rating,0,0.0,2
4192746588,node,restaurant,Depot Grace,,-7.2513997,112.7721936,Jalan Karang Empat Besar,No.85,,,60133,1,0,0,0,0,0,0,0,0,0,0,0,0,0,0,0,0,0,0,0,1,0,0,0,,,,,0,,,,,,,,,,,,,,1,tidak_ada_info,0,0,0,tidak_ada_rating,0,0.0,2
4192747315,node,restaurant,Depot Nasi Campur Pojok Tambak Bayan,,-7.2477332,112.7415854,Jalan Pasar Besar,7,,,60174,1,0,0,0,0,0,0,0,0,0,0,0,0,0,0,0,0,0,0,0,1,0,0,0,,,,,0,,,,,,,,,,,,,,1,tidak_ada_info,0,0,0,tidak_ada_rating,0,0.0,2
4192747634,node,restaurant,Depot Madiun Bu Rudy,,-7.2706329,112.7213956,Jl. Banyu Urip,No.115,,,60254,1,0,0,0,0,0,0,0,0,0,0,0,0,0,0,0,0,0,0,0,1,0,0,0,,,,,0,,,,,,,,,,,,,,1,tidak_ada_info,0,0,0,tidak_ada_rating,0,0.0,2
4192747739,node,restaurant,Depot Mak Ay,,-7.2757502,112.7055749,Jalan Kupang Jaya Kav. 3A,No.1,,,60189,1,0,0,0,0,0,0,0,0,0,0,0,0,0,0,0,0,0,0,0,1,0,0,0,,,,,0,,,,,,,,,,,,,,1,tidak_ada_info,0,0,0,tidak_ada_rating,0,0.0,2
4192748080,node,restaurant,Depot Mangga,,-7.3142323,112.7630604,Jl. Prapen Indah Timur VI Blok AE,No.14,,,60299,1,0,0,0,0,0,0,0,0,0,0,0,0,0,0,0,0,0,0,0,1,0,0,0,,,,,0,,,,,,,,,,,,,,1,tidak_ada_info,0,0,0,tidak_ada_rating,0,0.0,2
4192748081,node,restaurant,Special Nasi Udang Khas Bu Rudi,,-7.2804351,112.7075469,Jl. Raya Kupang Indah,No.31,,,60225,1,0,0,0,0,0,0,0,0,0,0,0,0,0,0,0,0,0,0,0,1,0,0,0,,,,,0,,,,,,,,,,,,,,1,tidak_ada_info,0,0,0,tidak_ada_rating,0,0.0,2
4192749740,node,restaurant,Depot Soto Madura Gubeng Pojok Asli,,-7.2602926,112.7514075,Jl. Kusuma Bangsa,No.30,,,60272,1,0,0,0,0,0,0,0,0,0,0,0,0,0,0,0,0,0,0,0,1,0,0,0,,,,,0,,,,,,,,,,,,,,1,tidak_ada_info,0,0,0,tidak_ada_rating,0,0.0,2
4192833806,node,restaurant,Domicile Kitchen & Lounge,,-7.2689604,112.7502448,Jl. Sumatra,No.35,,,60281,1,0,0,0,0,0,0,0,0,0,0,0,0,0,0,0,0,0,0,0,1,0,0,0,,,,,0,,,,,,,,,,,,,,1,tidak_ada_info,0,0,0,tidak_ada_rating,0,0.0,2
4192933372,node,restaurant,Grand Ocean,,-7.2838694,112.6902128,"Rich Palace Hotel Lantai 3, Jl. H.R. Muhammad",269,,,60241,1,0,0,0,0,0,0,0,0,0,0,0,0,0,0,0,0,0,0,0,1,0,0,0,,,,,0,,,,,,,,,,,,,,1,tidak_ada_info,0,0,0,tidak_ada_rating,0,0.0,2
4192944475,node,restaurant,Edi Fried Chicken,,-7.257012,112.7596817,Jl. Jolotundo,,,,60131,1,0,0,0,0,0,0,0,0,0,0,0,0,0,0,0,0,0,0,0,1,0,0,0,,,,,0,,,,,,,,,,,,,,1,tidak_ada_info,0,0,0,tidak_ada_rating,0,0.0,2
4193020155,node,restaurant,Tahu Telor Pak Jayen,,-7.2720902,112.7737765,Jl. Dharma Husada Indah I,Blok C1 No.37,,,60115,1,0,0,0,0,0,0,0,0,0,0,0,0,0,0,0,0,0,0,0,1,0,0,0,,,,,0,,,,,,,,,,,,,,1,tidak_ada_info,0,0,0,tidak_ada_rating,0,0.0,2
4193036805,node,restaurant,Kartikasari Pujasera,,-7.278928,112.7653993,JL. Manyar Kertoarjo,23 - 25,,,60116,1,0,0,0,0,0,0,0,0,0,0,0,0,0,0,0,0,0,0,0,1,0,0,0,,,,,0,,,,,,,,,,,,,,1,tidak_ada_info,0,0,0,tidak_ada_rating,0,0.0,2
4193038492,node,restaurant,Es Teller Tanjung Anom,,-7.2573179,112.7366852,Jalan Tunjungan Anom,,,,60275,1,0,0,0,0,0,0,0,0,0,0,0,0,0,0,0,0,0,0,0,1,0,0,0,,,,,0,,,,,,,,,,,,,,1,tidak_ada_info,0,0,0,tidak_ada_rating,0,0.0,2
4193163828,node,restaurant,Fusia,,-7.2849646,112.7315602,Jalan Raya Doktor Soetomo,No.134,,,60264,1,0,0,0,0,0,0,0,0,0,0,0,0,0,0,0,0,0,0,0,1,0,0,0,,sundanese,,,0,,,,,,,,,,,,,,1,tidak_ada_info,0,0,0,tidak_ada_rating,0,0.0,2
4193201893,node,restaurant,Pop Smile Chicken,,-7.3396913,112.7355897,Jl. Siwalankerto,117,,,60236,1,0,0,0,0,0,0,0,0,0,0,0,0,0,0,0,0,0,0,0,1,0,0,0,,,,,0,,,,,,,,,,,,,,1,tidak_ada_info,0,0,0,tidak_ada_rating,0,0.0,2
4193344771,node,restaurant,PONDOK ALEXIS,,-7.3423056,112.7367056,Jalan Siwalan Kerto VIII/D,9,,,60117,1,0,0,0,0,0,0,0,0,0,0,0,0,0,0,0,0,0,0,0,1,0,0,0,,,,,0,,,,,,,,,,,,,,1,tidak_ada_info,0,0,0,tidak_ada_rating,0,0.0,2
4258079710,node,restaurant,Warung Lesehan PANDAN SARI,,-7.2514659,112.6522618,Jalan Raya Kandangan,,,,60195,1,0,0,0,0,0,0,0,0,0,0,0,0,0,0,0,0,0,0,0,1,0,0,0,,,,,0,,,,,,,,,,,,,,1,tidak_ada_info,0,0,0,tidak_ada_rating,0,0.0,2
4270993990,node,restaurant,Boncafe Steak & Ice Cream,,-7.2660414,112.7398197,Jalan Pregolan,2,,,60262,1,1,0,0,0,1,0,0,0,0,0,0,0,0,0,0,0,0,0,0,1,0,1,1,Mo-Su 09:00-22:00,steak_house;fish;burger;breakfast;ice_cream;coffee_shop,,,0,,,,,,,,,,,,,,3,minim,0,0,0,tidak_ada_rating,0,0.0,6
4271023390,node,restaurant,Lentora,,-7.2675532,112.740213,Jalan Pregolan,17,,,60262,1,1,0,0,0,1,0,1,0,0,0,0,0,0,0,0,0,0,0,0,1,0,1,1,Mo-Su 10:00-22:00,indonesian;local,,,0,,,,,,,,,,,,,,4,minim,0,0,0,tidak_ada_rating,0,0.0,8
4338192779,node,restaurant,Le galleria,,-7.2939213,112.6495469,Telaga Utama Road,2,,,,1,1,0,0,0,1,0,1,0,0,0,0,0,0,0,0,0,0,0,0,1,0,1,1,Mo-Su 10:00-22:00,indonesian;international;pizza,,,0,,,,,,,,,,,,,,4,minim,0,0,0,tidak_ada_rating,0,0.0,8
4340621355,node,restaurant,Dream of kahyangan,,-7.2925862,112.6546029,,,,,,1,1,1,1,1,1,0,1,0,0,0,0,0,0,0,0,1,0,0,0,1,0,1,1,Mo-Su 11:00-22:00,indonesian,100,,0,,,,,,,,,,,,,,7,cukup_lengkap,1,0,0,tidak_ada_rating,0,0.0,14
4361191851,node,restaurant,Tune,,-7.2832518,112.6862294,,,,,,1,1,1,1,1,1,0,1,0,0,0,0,0,0,0,0,0,0,0,0,1,0,1,1,Mo-Su 11:30-22:30,italian,,,0,,,,,,,,,,,,,,7,cukup_lengkap,1,0,0,tidak_ada_rating,0,0.0,14
4372135227,node,restaurant,DS Bistro,,-7.2862215,112.6562872,,,,,,1,1,1,0,0,1,0,1,0,0,0,0,0,1,1,0,0,0,0,0,1,0,1,1,Mo-Su 10:00-23:00,salad;burger;pizza;crab,,,0,,,,,,,,,,,,,,5,cukup_lengkap,1,0,1,tidak_ada_rating,0,0.0,10
4372135229,node,restaurant,What's cook n',,-7.2916719,112.654897,,,,,,1,0,0,0,0,0,0,1,0,0,0,0,0,0,0,0,1,0,0,0,1,0,0,0,,chinese,,,0,,,,,,,,,,,,,,2,minim,0,0,0,tidak_ada_rating,0,0.0,4
4372135231,node,restaurant,Corea,,-7.2938572,112.6541793,,16,,,,1,1,1,0,0,1,0,0,0,0,0,0,0,0,0,0,0,0,0,0,1,0,1,1,Tu-Su 11:00-22:00,corean,,,0,,,,,,,,,,,,,,4,minim,1,0,0,tidak_ada_rating,0,0.0,8
4384067911,node,restaurant,Tutto Bono,,-7.2850685,112.6815365,,,,,,1,1,1,0,1,1,0,1,0,0,0,0,0,0,0,0,1,0,0,0,1,0,1,1,Mo-Su 11:00-23:00,italian;pasta,,,0,,,,,,,,,,,,,,6,cukup_lengkap,1,0,0,tidak_ada_rating,0,0.0,12
4426073007,node,restaurant,Soto Podjok,,-7.2940933,112.6502735,Telaga Utama Road,,,,,1,1,0,0,0,1,0,1,0,0,0,0,0,1,0,0,1,0,0,0,1,0,1,1,Mo-Su 07:00-21:00,indonesian,50,,0,,,,,,,,,,,,,,4,minim,0,0,1,tidak_ada_rating,0,0.0,8
4451238441,node,restaurant,Layar Seafood,,-7.2804564,112.7675545,Jl. Manyar Kertoarjo,62,,,60285,1,0,0,0,0,0,0,0,0,0,0,0,0,0,0,0,0,0,0,0,1,0,0,0,,seafood,,,0,,,,,,,,,,,,,,1,tidak_ada_info,0,0,0,tidak_ada_rating,0,0.0,2
4476181294,node,restaurant,The golden saffron,,-7.2948191,112.6546406,,,,,,1,1,1,0,0,1,0,1,0,0,0,0,0,1,1,0,0,0,0,0,1,0,1,1,Mo-Su 10:00-22:00,indian,30,,0,,,,,,,,,,,,,,5,cukup_lengkap,1,0,1,tidak_ada_rating,0,0.0,10
4476441297,node,restaurant,Meat shop,,-7.2826321,112.6888213,,,,,,1,1,0,0,0,1,0,1,0,0,0,0,0,0,0,0,0,0,0,0,1,0,1,1,Mo-Su 09:00-22:00,steak_house;burger,,,0,,,,,,,,,,,,,,4,minim,0,0,0,tidak_ada_rating,0,0.0,8
4481030281,node,restaurant,Myoung Ga,,-7.2835502,112.6859591,,,,,,1,1,1,0,0,1,0,0,0,0,0,0,0,0,0,0,0,0,0,0,1,0,1,1,Mo-Su 11:00-22:00,korean,,,0,,,,,,,,,,,,,,4,minim,1,0,0,tidak_ada_rating,0,0.0,8
4522446490,node,restaurant,Warung Penyetan Bu Kris,,-7.2941559,112.707188,"Ruko Villa Bukit Mas Blok RO No. 1, Jl. Abdul Wahab Siamin, Dukuh Pakis, Kota SBY, Jawa Timur",,,,60225,1,1,0,0,0,1,0,0,0,0,0,0,0,0,0,0,0,0,0,0,1,0,1,1,Mo-Su 10:00-22:00,indonesian;regional;breakfast;diner;chicken,,,0,,,,,,,,,,,,,,3,minim,0,0,0,tidak_ada_rating,0,0.0,6
4548836570,node,restaurant,Indagiri,,-7.2885177,112.7313382,,,,,,1,0,0,0,0,0,0,0,0,0,0,0,0,0,0,0,0,0,0,0,1,0,0,0,,,,,0,,,,,,,,,,,,,,1,tidak_ada_info,0,0,0,tidak_ada_rating,0,0.0,2
4548837067,node,restaurant,Finjan,,-7.2296843,112.7405928,,,,,,1,0,0,0,0,0,0,0,0,0,0,0,0,0,0,0,0,0,0,0,1,0,0,0,,arab,,,0,,,,,,,,,,,,,,1,tidak_ada_info,0,0,0,tidak_ada_rating,0,0.0,2
4548837094,node,restaurant,Moi village,,-7.2937637,112.675095,,,,,,1,0,0,0,0,0,0,0,0,0,0,0,0,0,0,0,0,0,0,0,1,0,0,0,,,,,0,,,,,,,,,,,,,,1,tidak_ada_info,0,0,0,tidak_ada_rating,0,0.0,2
4576889281,node,restaurant,May Star,,-7.2956657,112.6751381,,,,,,1,1,1,0,1,1,0,0,0,0,0,0,0,0,0,0,0,0,0,0,1,0,1,1,Mo-Sa 10:00-22:00; Su 08:00-22:00,chinese;dim sum,,,0,,,,,,,,,,,,,,5,cukup_lengkap,1,0,0,tidak_ada_rating,0,0.0,10
4586405595,node,restaurant,Gojumong,,-7.281296,112.6842415,Jalan Bukit Darmo Boulevard,2,,,,1,1,0,0,1,1,0,0,0,0,0,0,0,0,0,0,0,0,0,0,1,0,1,1,Mo-Su 11:30-22:30,korean,,,0,,,,,,,,,,,,,,4,minim,1,0,0,tidak_ada_rating,0,0.0,8
4599296030,node,restaurant,Mediterraneo Surabaya,,-7.2813089,112.6995054,,,,,,1,0,0,0,0,0,0,0,0,0,0,0,0,0,0,0,0,0,0,0,1,0,0,0,,,,,0,,,,,,,,,,,,,,1,tidak_ada_info,0,0,0,tidak_ada_rating,0,0.0,2
4599296390,node,restaurant,Yoyogi,,-7.2907063,112.6550767,,,,,,1,1,0,0,0,1,0,0,0,0,0,0,0,0,0,0,0,0,0,0,1,0,1,1,Mo-Su 11:00-22:00,,,,0,,,,,,,,,,,,,,3,minim,0,0,0,tidak_ada_rating,0,0.0,6
4599296391,node,restaurant,Sederhana,,-7.2860825,112.6557514,,,,,,1,1,0,0,0,1,0,0,0,0,0,0,0,0,0,0,0,0,0,0,1,0,1,1,Mo-Su 08:00-23:00,indonesian;padang,,,0,,,,,,,,,,,,,,3,minim,0,0,0,tidak_ada_rating,0,0.0,6
4601097831,node,restaurant,Gangnam,,-7.2926751,112.6766104,,,,,,1,1,0,0,0,1,0,0,0,0,0,0,0,0,0,0,0,0,0,0,1,0,1,1,Mo-Su 11:00-22:00,korean,,,0,,,,,,,,,,,,,,3,minim,0,0,0,tidak_ada_rating,0,0.0,6
4601097893,node,restaurant,Holycow,,-7.2921578,112.6764684,,,,,,1,0,1,0,1,1,0,0,0,0,0,0,0,0,0,0,0,0,0,0,1,0,1,1,Mo-Su 11:00-22:00,steak_house;steak;western,,,0,,,,,,,,,,,,,,4,minim,1,0,0,tidak_ada_rating,0,0.0,8
4601097895,node,restaurant,Wei xiao,,-7.2932545,112.6762377,,,,,,1,1,1,0,1,1,0,0,0,0,0,0,0,1,1,0,0,0,0,0,1,0,1,1,Mo-Th 10:00-22:00; Fr-Su 10:00-23:00,chinese,,,0,,,,,,,,,,,,,,5,cukup_lengkap,1,0,1,tidak_ada_rating,0,0.0,10
4643638686,node,restaurant,Yôkosa,,-7.2916907,112.6550141,,,,,,1,1,1,1,0,1,0,0,0,0,0,0,0,0,0,0,0,0,0,0,1,0,1,1,"Tu-Su 11:00-15:00, 17:00-22:00",japanese,40,,0,,,,,,,,,,,,,,5,cukup_lengkap,1,0,0,tidak_ada_rating,0,0.0,10
4644446889,node,restaurant,depot BAMARA,,-7.241491,112.7206669,,,,,,1,0,0,0,0,0,0,0,0,0,0,0,0,0,0,0,0,0,0,0,1,0,0,0,,,,,0,,,,,,,,,,,,,,1,tidak_ada_info,0,0,0,tidak_ada_rating,0,0.0,2
4682726961,node,restaurant,Little kitchen,,-7.2827146,112.6869349,,,,,,1,1,0,0,0,1,0,0,0,0,0,0,0,0,0,0,0,0,0,0,1,0,1,1,Mo-Su 10:00-00:00,,,,0,,,,,,,,,,,,,,3,minim,0,0,0,tidak_ada_rating,0,0.0,6
4683416090,node,restaurant,Loco,,-7.2633016,112.7517051,,,,,,1,0,0,0,0,0,0,0,0,0,0,0,0,0,0,0,0,0,0,0,1,0,0,0,,,,,0,,,,,,,,,,,,,,1,tidak_ada_info,0,0,0,tidak_ada_rating,0,0.0,2
4715001790,node,restaurant,Platinum grill,,-7.2916977,112.6858799,,,,,,1,1,1,0,0,1,0,0,0,0,0,0,0,0,0,0,1,0,0,0,1,0,1,1,Tu-Su 18:00-23:00,european;steak;grill,,,0,,,,,,,,,,,,,,4,minim,1,0,0,tidak_ada_rating,0,0.0,8
4723341394,node,restaurant,Pizza Hut,Pizza Hut,-7.2887244,112.6760987,,,,,,1,1,1,0,0,1,0,0,0,0,0,0,0,1,0,0,0,0,0,0,1,0,1,1,Mo-Su 10:00-22:00,pizza,,,0,,,,,,,,,,,,,,4,minim,1,0,1,tidak_ada_rating,0,0.0,8
4745225124,node,restaurant,Bebek sinjay,,-7.2583791,112.7326422,Jalan Tidar,,,,,1,0,0,0,0,0,0,0,0,0,0,0,0,0,0,0,0,0,0,0,1,0,0,0,,,,,0,,,,,,,,,,,,,,1,tidak_ada_info,0,0,0,tidak_ada_rating,0,0.0,2
4746185018,node,restaurant,Wingstop,Wingstop,-7.2954598,112.6760346,,,,,,1,0,0,0,0,0,0,0,0,0,0,0,0,1,0,0,0,0,0,0,1,0,0,0,,wings,,,0,,,,,,,,,,,,,,1,tidak_ada_info,0,0,1,tidak_ada_rating,0,0.0,2
4746185228,node,restaurant,Beatus,,-7.2939822,112.676022,,,,,,1,1,0,0,0,1,0,0,0,0,0,0,0,0,0,0,0,0,0,0,1,0,1,1,Tu-Su 18:00-23:00,seafood;crab;indonesian,,,0,,,,,,,,,,,,,,3,minim,0,0,0,tidak_ada_rating,0,0.0,6
4752679975,node,restaurant,Lontong balap,,-7.2305693,112.7347783,,,,,,1,0,0,0,0,0,0,0,0,0,0,0,0,0,0,0,0,0,0,0,1,0,0,0,,,,,0,,,,,,,,,,,,,,1,tidak_ada_info,0,0,0,tidak_ada_rating,0,0.0,2
4766222959,node,restaurant,Soto Daging Tapaksiring,,-7.2655772,112.7638513,,,,,,1,0,0,0,0,0,0,0,0,0,0,0,0,0,0,0,0,0,0,0,1,0,0,0,,,,,0,,,,,,,,,,,,,,1,tidak_ada_info,0,0,0,tidak_ada_rating,0,0.0,2
4766355331,node,restaurant,Sego gunung,,-7.290359,112.6547829,,,,,,1,1,0,0,0,1,0,0,0,0,0,0,0,0,0,0,0,0,0,0,1,0,1,1,Mo-Su 11:00-22:00,asian,,,0,,,,,,,,,,,,,,3,minim,0,0,0,tidak_ada_rating,0,0.0,6
4766357263,node,restaurant,Kapok Lombok,,-7.28685,112.6559294,,,,,,1,1,0,0,0,1,0,0,0,0,0,0,0,0,0,0,0,0,0,0,1,0,1,1,Mo-Su 10:00-23:00,,,,0,,,,,,,,,,,,,,3,minim,0,0,0,tidak_ada_rating,0,0.0,6
4766357264,node,restaurant,Goodies pizza,,-7.2875586,112.6554195,,,,,,1,1,0,0,0,1,0,0,0,0,0,0,0,0,0,0,0,0,0,0,1,0,1,1,Mo-Su 11:30-22:00,pizza,,,0,,,,,,,,,,,,,,3,minim,0,0,0,tidak_ada_rating,0,0.0,6
4766357268,node,restaurant,Taste code,,-7.2898183,112.6548726,,,,,,1,1,0,0,0,1,0,0,0,0,0,0,0,0,0,0,0,0,0,0,1,0,1,1,"Mo-Fr, Su 16:00-23:55; Sa 16:00-01:00",Asian;wok;soup;club sandwich,,,0,,,,,,,,,,,,,,3,minim,0,0,0,tidak_ada_rating,0,0.0,6
4766362522,node,restaurant,Housaku,,-7.2901278,112.6551659,,,,,,1,1,1,0,0,1,0,0,0,0,0,0,0,1,1,0,0,0,0,0,1,0,1,1,Mo-Su 10:00-22:00,japanese;sushi;bento,,,0,,,,,,,,,,,,,,4,minim,1,0,1,tidak_ada_rating,0,0.0,8
4804866879,node,restaurant,Hakka,,-7.2928164,112.6770255,,,,,,1,0,0,0,0,0,0,0,0,0,0,0,0,0,0,0,0,0,0,0,1,0,0,0,,,,,0,,,,,,,,,,,,,,1,tidak_ada_info,0,0,0,tidak_ada_rating,0,0.0,2
4821879698,node,restaurant,Out of the blue!,,-7.2884371,112.6785389,,,,,,1,1,1,0,0,1,0,0,0,0,0,0,0,0,0,0,0,0,0,0,1,0,1,1,"Mo-Th, Su 10:00-22:00; Fr, Sa 10:00-00:00",,,,0,,,,,,,,,,,,,,4,minim,1,0,0,tidak_ada_rating,0,0.0,8
4824461659,node,restaurant,Dewa ~ndaru,,-7.2895256,112.7121168,,,,,,1,0,0,0,0,0,0,0,0,0,0,0,0,0,0,0,0,0,0,0,1,0,0,0,,,,,0,,,,,,,,,,,,,,1,tidak_ada_info,0,0,0,tidak_ada_rating,0,0.0,2
4824490956,node,restaurant,Tekka,,-7.2863865,112.698464,,,,,,1,0,0,0,0,0,0,0,0,0,0,0,0,0,0,0,0,0,0,0,1,0,0,0,,,,,0,,,,,,,,,,,,,,1,tidak_ada_info,0,0,0,tidak_ada_rating,0,0.0,2
4824561855,node,restaurant,Restonine,,-7.2923009,112.7221632,,,,,,1,0,0,0,0,0,0,0,0,0,0,0,0,0,0,0,0,0,0,0,1,0,0,0,,,,,0,,,,,,,,,,,,,,1,tidak_ada_info,0,0,0,tidak_ada_rating,0,0.0,2
4836404598,node,restaurant,Kayu,,-7.287051,112.7066716,Jalan Mayjend Sungkono,212,,,60189,1,1,0,1,0,1,0,0,0,0,0,0,0,0,0,0,0,0,0,0,1,0,1,1,Mo-Su 11:30-22:00,asian;japanese;sushi,,,0,,,,,,,,,,,,,,4,minim,0,0,0,tidak_ada_rating,0,0.0,8
4840871469,node,restaurant,Happy garden,,-7.2913555,112.654873,,,,,,1,1,0,0,0,0,0,0,0,0,0,0,0,0,0,0,0,0,0,0,1,0,0,0,,bubur;Indonesian,,,0,,,,,,,,,,,,,,2,minim,0,0,0,tidak_ada_rating,0,0.0,4
4840871471,node,restaurant,Nyah tewel,,-7.2913178,112.6541536,,,,,,1,1,0,0,0,1,0,0,0,0,0,0,0,0,0,0,0,0,0,0,1,0,1,1,Mo-Su 11:00-22:00,indonesian,,,0,,,,,,,,,,,,,,3,minim,0,0,0,tidak_ada_rating,0,0.0,6
4840871955,node,restaurant,Pompit,,-7.2913191,112.655223,,,,,,1,0,0,0,0,1,0,0,0,0,0,0,0,0,0,0,0,0,0,0,1,0,0,1,Mo-Sa 11:00-23:00,,,,0,,,,,,,,,,,,,,2,minim,0,0,0,tidak_ada_rating,0,0.0,4
4840872185,node,restaurant,D'licious,,-7.2915525,112.6551507,,,,,,1,0,0,0,0,1,0,0,0,0,0,0,0,0,0,0,0,0,0,0,1,0,1,1,Mo-Su 10:00-23:00,,,,0,,,,,,,,,,,,,,2,minim,0,0,0,tidak_ada_rating,0,0.0,4
4865372180,node,restaurant,Ambrosia,,-7.3046097,112.6938902,jalan raya Dian istana,,,,,1,1,1,1,0,1,0,0,0,0,0,0,0,0,0,0,0,0,0,0,1,0,1,1,Mo-Fr 16:00-22:00; Sa 12:00-23:00; Su 12:00-22:00,pizza;steak;fish,,,0,,,,,,,,,,,,,,5,cukup_lengkap,1,0,0,tidak_ada_rating,0,0.0,10
4877026098,node,restaurant,Bakmi GM,,-7.2950383,112.6761872,,,,,,1,0,1,0,0,0,0,0,0,0,0,0,0,0,0,0,0,0,0,0,1,0,0,0,,,,,0,,,,,,,,,,,,,,2,minim,1,0,0,tidak_ada_rating,0,0.0,4
4900845358,node,restaurant,Myoung Dong,,-7.2858067,112.6565185,,36,,,,1,1,1,0,0,1,0,0,0,0,0,0,0,0,0,0,0,0,0,0,1,0,1,1,Mo-Su 11:00-22:00,Korean;Gyoza,,,0,,,,,,,,,,,,,,4,minim,1,0,0,tidak_ada_rating,0,0.0,8
4905089185,node,restaurant,Pak Rudy,,-7.2889258,112.7099997,,,,,,1,0,0,0,0,0,0,0,0,0,0,0,0,0,0,0,0,0,0,0,1,0,0,0,,,,,0,,,,,,,,,,,,,,1,tidak_ada_info,0,0,0,tidak_ada_rating,0,0.0,2
4905091985,node,restaurant,Magal,,-7.2893317,112.7109733,,,,,,1,0,0,0,0,0,0,0,0,0,0,0,0,0,0,0,0,0,0,0,1,0,0,0,,korean,,,0,,,,,,,,,,,,,,1,tidak_ada_info,0,0,0,tidak_ada_rating,0,0.0,2
4905091986,node,restaurant,Take five,,-7.2846533,112.7385645,,,,,,1,0,0,0,0,0,0,0,0,0,0,0,0,0,0,0,0,0,0,0,1,0,0,0,,,,,0,,,,,,,,,,,,,,1,tidak_ada_info,0,0,0,tidak_ada_rating,0,0.0,2
4905093484,node,restaurant,La Rucola,,-7.2828639,112.7377928,,,,,,1,0,0,0,0,0,0,0,0,0,0,0,0,0,0,0,0,0,0,0,1,0,0,0,,mediterranean,,,0,,,,,,,,,,,,,,1,tidak_ada_info,0,0,0,tidak_ada_rating,0,0.0,2
4916263299,node,restaurant,Shijima,,-7.2887082,112.6782975,,,,,,1,0,0,0,0,0,0,0,0,0,0,0,0,0,0,0,0,0,0,0,1,0,0,0,,,,,0,,,,,,,,,,,,,,1,tidak_ada_info,0,0,0,tidak_ada_rating,0,0.0,2
4958532822,node,restaurant,Warung Joglo,,-7.3096304,112.7318586,Jalan Ketintang,181,,,60231,1,0,0,0,0,0,0,0,0,0,0,0,0,0,0,0,0,0,0,0,1,0,0,0,,,,,0,,,,,,,,,,,,,,1,tidak_ada_info,0,0,0,tidak_ada_rating,0,0.0,2
5031985102,node,restaurant,Mie Ayam H&W,,-7.2921887,112.654753,,,,,,1,0,0,0,0,0,0,0,0,0,0,0,0,0,0,0,0,0,0,0,1,0,0,0,,,,,0,,,,,,,,,,,,,,1,tidak_ada_info,0,0,0,tidak_ada_rating,0,0.0,2
5031985104,node,restaurant,Supreso,,-7.2855135,112.681157,,,,,,1,0,0,0,0,0,0,0,0,0,0,0,0,0,0,0,0,0,0,0,1,0,0,0,,chinese,,,0,,,,,,,,,,,,,,1,tidak_ada_info,0,0,0,tidak_ada_rating,0,0.0,2
5031985105,node,restaurant,Shanghai bowl,,-7.2852054,112.6816067,,,,,,1,1,1,1,1,1,0,0,0,0,0,0,0,0,1,0,0,0,0,0,1,0,1,1,Mo-Su 11:00-22:00,chinese,,,0,,,,,,,,,,,,,,6,cukup_lengkap,1,0,1,tidak_ada_rating,0,0.0,12
5031985418,node,restaurant,Hong Kong garden,,-7.286378,112.6801828,,,,,,1,1,0,0,0,1,0,0,0,0,0,0,0,0,0,0,0,0,0,0,1,0,1,1,Mo-Su 11:00-22:00,chinese,,,0,,,,,,,,,,,,,,3,minim,0,0,0,tidak_ada_rating,0,0.0,6
5031986986,node,restaurant,Kaldu segara,,-7.2852408,112.6818522,,,,,,1,1,0,1,0,1,0,0,0,0,0,0,0,0,0,0,0,0,0,0,1,0,1,1,Mo-Su 10:00-21:00,crab;seafood,,,0,,,,,,,,,,,,,,4,minim,0,0,0,tidak_ada_rating,0,0.0,8
5059099784,node,restaurant,Rosebay,,-7.2968444,112.6800726,,,,,,1,0,0,0,0,0,0,0,0,0,0,0,0,0,0,0,0,0,0,0,1,0,0,0,,,,,0,,,,,,,,,,,,,,1,tidak_ada_info,0,0,0,tidak_ada_rating,0,0.0,2
5059100239,node,restaurant,Papa Delle,,-7.2981306,112.680454,,,,,,1,0,0,0,0,0,0,0,0,0,0,0,0,0,0,0,0,0,0,0,1,0,0,0,,,,,0,,,,,,,,,,,,,,1,tidak_ada_info,0,0,0,tidak_ada_rating,0,0.0,2
5106762248,node,restaurant,Steak hut,,-7.2825375,112.6830333,,,,,,1,0,0,0,0,0,0,0,0,0,0,0,0,0,0,0,0,0,0,0,1,0,0,0,,,,,0,,,,,,,,,,,,,,1,tidak_ada_info,0,0,0,tidak_ada_rating,0,0.0,2
5124135502,node,restaurant,Ming garden,,-7.2855293,112.6984358,,,,,,1,0,0,0,0,0,0,0,0,0,0,0,0,0,0,0,0,0,0,0,1,0,0,0,,chinese,,,0,,,,,,,,,,,,,,1,tidak_ada_info,0,0,0,tidak_ada_rating,0,0.0,2
5164106110,node,restaurant,Seafood tower,,-7.292208,112.6764626,,,,,,1,0,0,0,0,0,0,0,0,0,0,0,0,0,0,0,0,0,0,0,1,0,0,0,,,,,0,,,,,,,,,,,,,,1,tidak_ada_info,0,0,0,tidak_ada_rating,0,0.0,2
5164108263,node,restaurant,Hallo Surabaya,,-7.2838456,112.6675152,,,,,,1,0,0,0,0,0,0,0,0,0,0,0,0,0,0,0,0,0,0,0,1,0,0,0,,,,,0,,,,,,,,,,,,,,1,tidak_ada_info,0,0,0,tidak_ada_rating,0,0.0,2
5164113619,node,restaurant,Korbeq,,-7.285142,112.6814282,,,,,,1,0,0,0,0,0,0,0,0,0,0,0,0,0,0,0,0,0,0,0,1,0,0,0,,korean,,,0,,,,,,,,,,,,,,1,tidak_ada_info,0,0,0,tidak_ada_rating,0,0.0,2
5171719922,node,restaurant,Pizza Time,,-7.2678932,112.7354373,Jalan Tegalsari,101,,,60262,1,1,0,0,0,1,0,0,0,0,0,0,0,0,0,0,0,0,0,0,1,0,1,1,Mo-Su 10:30-23:00,,,,0,,,,,,,,,,,,,,3,minim,0,0,0,tidak_ada_rating,0,0.0,6
5171738222,node,restaurant,Beautika Restoran Khas Manado,,-7.2656102,112.7396242,Jalan Tegalsari,2,,,60261,1,1,0,0,0,1,0,0,0,0,0,0,0,0,0,0,0,0,0,0,1,0,1,1,Mo-Su 09:00-21:00,indonesian,,,0,,,,,,,,,,,,,,3,minim,0,0,0,tidak_ada_rating,0,0.0,6
5173980622,node,restaurant,Sadang Korean BBQ,,-7.2672492,112.740425,Jalan Pregolan,11,,,60262,1,1,0,0,0,1,0,0,0,0,0,0,0,0,0,0,0,0,0,0,1,0,1,1,Mo-Su 11:00-22:00,korean,,,0,,,,,,,,,,,,,,3,minim,0,0,0,tidak_ada_rating,0,0.0,6
5199192021,node,restaurant,Ming Yang,,-7.2921337,112.676788,,,,,,1,1,0,0,1,1,0,0,0,0,0,0,0,0,0,0,0,0,0,0,1,0,1,1,Mo-Su 11:30-22:00,chinese,,,0,,,,,,,,,,,,,,4,minim,1,0,0,tidak_ada_rating,0,0.0,8
5199234793,node,restaurant,Burg & Burp,,-7.2889156,112.6777086,,,,,,1,0,0,0,0,0,0,0,0,0,0,0,0,0,0,0,0,0,0,0,1,0,0,0,,burger,,,0,,,,,,,,,,,,,,1,tidak_ada_info,0,0,0,tidak_ada_rating,0,0.0,2
5201378806,node,restaurant,Yong's,,-7.2933082,112.6772951,,,,,,1,0,0,0,0,1,0,0,0,0,0,0,0,0,0,0,0,0,0,0,1,0,1,1,"Mo, We-Su 08:00-21:00",indonesian,,,0,,,,,,,,,,,,,,2,minim,0,0,0,tidak_ada_rating,0,0.0,4
5201380510,node,restaurant,Hot-star,,-7.2932682,112.6770054,,,,,,1,0,0,0,0,0,0,0,0,0,0,0,0,0,0,0,0,0,0,0,1,0,0,0,,chicken,,,0,,,,,,,,,,,,,,1,tidak_ada_info,0,0,0,tidak_ada_rating,0,0.0,2
5214052022,node,restaurant,Ikan Bakar Cianjur,,-7.2874895,112.706848,,,,,,1,0,0,0,0,1,0,0,0,0,0,0,0,0,0,0,0,0,0,0,1,0,1,1,Mo-Su 09:00-21:00,indonesian,,,0,,,,,,,,,,,,,,2,minim,0,0,0,tidak_ada_rating,0,0.0,4
5214052023,node,restaurant,D'Jang Gem,,-7.2875585,112.7069902,,,,,,1,0,0,0,0,1,0,0,0,0,0,0,0,0,0,0,0,0,0,0,1,0,1,1,Mo-Su 11:00-22:00,korean,,,0,,,,,,,,,,,,,,2,minim,0,0,0,tidak_ada_rating,0,0.0,4
5215360843,node,restaurant,Jenggala,,-7.2852836,112.6970649,,,,,,1,0,0,0,0,0,0,0,0,0,0,0,0,0,0,0,0,0,0,0,1,0,0,0,,,,,0,,,,,,,,,,,,,,1,tidak_ada_info,0,0,0,tidak_ada_rating,0,0.0,2
5215380054,node,restaurant,Pondok Tempo Doeloe,,-7.2874728,112.7067562,,,,,,1,0,0,0,0,0,0,0,0,0,0,0,0,0,0,0,0,0,0,0,1,0,0,0,,indonesian,,,0,,,,,,,,,,,,,,1,tidak_ada_info,0,0,0,tidak_ada_rating,0,0.0,2
5217656994,node,restaurant,Warjo,,-7.2843041,112.629427,,,,,,1,0,0,0,0,0,0,0,0,0,0,0,0,1,0,0,0,0,0,0,1,0,0,0,,indonesian,,,0,,,,,,,,,,,,,,1,tidak_ada_info,0,0,1,tidak_ada_rating,0,0.0,2
5217656996,node,restaurant,Mubaarok,,-7.2842962,112.6293315,,,,,,1,0,0,0,0,0,0,0,0,0,0,0,0,0,0,0,0,0,0,0,1,0,0,0,,indonesian,,,0,,,,,,,,,,,,,,1,tidak_ada_info,0,0,0,tidak_ada_rating,0,0.0,2
5220864523,node,restaurant,Sushi Tei,,-7.288564,112.6762476,,,,,,1,0,1,0,0,1,0,0,0,0,0,0,0,0,0,0,0,0,0,0,1,0,1,1,Mo-Su 10:00-22:00,japanese;sushi,,,0,,,,,,,,,,,,,,3,minim,1,0,0,tidak_ada_rating,0,0.0,6
5220872821,node,restaurant,Thaï street,,-7.288254,112.6755748,,,,,,1,0,0,0,0,0,0,0,0,0,0,0,0,0,0,0,0,0,0,0,1,0,0,0,,thai,,,0,,,,,,,,,,,,,,1,tidak_ada_info,0,0,0,tidak_ada_rating,0,0.0,2
5220872822,node,restaurant,Hajime,,-7.2879059,112.6757083,,,,,,1,0,0,0,0,0,0,0,0,0,0,0,0,0,0,0,0,0,0,0,1,0,0,0,,japanese,,,0,,,,,,,,,,,,,,1,tidak_ada_info,0,0,0,tidak_ada_rating,0,0.0,2
5220872823,node,restaurant,Gyu-Kaku,,-7.2889666,112.6761834,,,,,,1,0,1,0,0,0,0,0,0,0,0,0,0,0,0,0,0,0,0,0,1,0,0,0,,japanese;barbecue,,,0,,,,,,,,,,,,,,2,minim,1,0,0,tidak_ada_rating,0,0.0,4
5225896573,node,restaurant,RPP,,-7.2958734,112.6546571,,,,,,1,0,1,0,0,1,0,0,0,0,0,0,0,0,0,0,0,0,0,0,1,0,1,1,"Mo-Th, Su 17:00-00:00; Fr, Sa 17:00-02:00",,,,0,,,,,,,,,,,,,,3,minim,1,0,0,tidak_ada_rating,0,0.0,6
5225896736,node,restaurant,Alam laut,,-7.2910886,112.6545743,,,,,,1,0,0,0,0,0,0,0,0,0,0,0,0,0,0,0,0,0,0,0,1,0,0,0,,indonesian,,,0,,,,,,,,,,,,,,1,tidak_ada_info,0,0,0,tidak_ada_rating,0,0.0,2
5236172993,node,restaurant,Jaloe,,-7.2635565,112.7412787,,,,,,1,0,0,0,0,0,0,0,0,0,0,0,0,0,0,0,0,0,0,0,1,0,0,0,,,,,0,,,,,,,,,,,,,,1,tidak_ada_info,0,0,0,tidak_ada_rating,0,0.0,2
5236172995,node,restaurant,Soto wawan,,-7.2875354,112.7352073,,,,,,1,0,0,0,0,0,0,0,0,0,0,0,0,0,0,0,0,0,0,0,1,0,0,0,,,,,0,,,,,,,,,,,,,,1,tidak_ada_info,0,0,0,tidak_ada_rating,0,0.0,2
5236173644,node,restaurant,Hari hari,,-7.287601,112.7319699,,,,,,1,0,0,0,0,0,0,0,0,0,0,0,0,0,0,0,0,0,0,0,1,0,0,0,,,,,0,,,,,,,,,,,,,,1,tidak_ada_info,0,0,0,tidak_ada_rating,0,0.0,2
5236173645,node,restaurant,Penta,,-7.2914652,112.7304422,,,,,,1,0,0,0,0,0,0,0,0,0,0,0,0,0,0,0,0,0,0,0,1,0,0,0,,seafood,,,0,,,,,,,,,,,,,,1,tidak_ada_info,0,0,0,tidak_ada_rating,0,0.0,2
5239013190,node,restaurant,Larris,,-7.2803702,112.6841431,,,,,,1,0,0,0,0,0,0,0,0,0,0,0,0,0,0,0,0,0,0,0,1,0,0,0,,barbecue,,,0,,,,,,,,,,,,,,1,tidak_ada_info,0,0,0,tidak_ada_rating,0,0.0,2
5239013191,node,restaurant,Host,,-7.3129219,112.6656467,,,,,,1,0,0,0,0,0,0,0,0,0,0,0,0,0,0,0,0,0,0,0,1,0,0,0,,,,,0,,,,,,,,,,,,,,1,tidak_ada_info,0,0,0,tidak_ada_rating,0,0.0,2
5240396715,node,restaurant,Curry house,,-7.2808138,112.6838866,,,,,,1,0,0,0,0,1,0,0,0,0,0,0,0,0,0,0,0,0,0,0,1,0,1,1,"Mo-Th, Su 10:00-21:00; Fr, Sa 10:00-22:00",japanese,,,0,,,,,,,,,,,,,,2,minim,0,0,0,tidak_ada_rating,0,0.0,4
5240396717,node,restaurant,Pizza Hut,Pizza Hut,-7.2871493,112.6555037,,,,,,1,1,1,0,0,1,0,0,0,0,0,0,0,1,1,0,1,0,0,0,1,0,1,1,Mo-Su 10:00-23:00,pizza,,,0,,,,,,,,,,,,,,4,minim,1,0,1,tidak_ada_rating,0,0.0,8
5240459587,node,restaurant,Loempia 23,,-7.2785313,112.6819403,,,,,,1,0,0,0,0,0,0,0,0,0,0,0,0,0,0,0,0,0,0,0,1,0,0,0,,,,,0,,,,,,,,,,,,,,1,tidak_ada_info,0,0,0,tidak_ada_rating,0,0.0,2
5240459592,node,restaurant,Hachi hachi,,-7.2905468,112.6546636,,,,,,1,0,0,0,0,0,0,0,0,0,0,0,0,0,0,0,0,0,0,0,1,0,0,0,,,,,0,,,,,,,,,,,,,,1,tidak_ada_info,0,0,0,tidak_ada_rating,0,0.0,2
5246634221,node,restaurant,Primarasa Restaurant,,-7.2805864,112.7695835,Jalan Manyar Kertoajo,,,,,1,0,0,0,0,0,0,0,0,0,0,0,0,0,0,0,0,0,0,0,1,0,0,0,,,,,0,,,,,,,,,,,,,,1,tidak_ada_info,0,0,0,tidak_ada_rating,0,0.0,2
5248102622,node,restaurant,Mie Setan,,-7.2787355,112.7496483,,,,,,1,0,0,0,0,0,0,0,0,0,0,0,0,0,0,0,0,0,0,0,1,0,0,0,,,,,0,,,,,,,,,,,,,,1,tidak_ada_info,0,0,0,tidak_ada_rating,0,0.0,2
5254926101,node,restaurant,Beatus,,-7.2920029,112.6372976,,,,,,1,1,1,0,0,1,0,0,0,0,0,0,0,0,0,0,0,0,0,0,1,0,1,1,Tu-Su 18:00-23:00,crab;Indonesian,,,0,,,,,,,,,,,,,,4,minim,1,0,0,tidak_ada_rating,0,0.0,8
5254926733,node,restaurant,Palimanan,,-7.2932764,112.6369459,,,,,,1,0,1,0,0,1,0,0,0,0,0,0,0,0,0,0,0,0,0,0,1,0,1,1,Tu-Su 05:00-22:00,,,,0,,,,,,,,,,,,,,3,minim,1,0,0,tidak_ada_rating,0,0.0,6
5269623755,node,restaurant,Bamegah,,-7.2922127,112.7274566,,,,,,1,0,0,0,0,0,0,0,0,0,0,0,0,0,0,0,0,0,0,0,1,0,0,0,,,,,0,,,,,,,,,,,,,,1,tidak_ada_info,0,0,0,tidak_ada_rating,0,0.0,2
5269624033,node,restaurant,Ria,,-7.2692806,112.7406498,,,,,,1,1,0,1,0,0,0,0,0,0,0,0,0,0,0,0,0,0,0,0,1,0,0,0,,,,,0,,,,,,,,,,,,,,3,minim,0,0,0,tidak_ada_rating,0,0.0,6
5295169467,node,restaurant,Chuan wei,,-7.2933087,112.6763618,,,,,,1,1,1,0,0,1,0,0,0,0,0,0,0,0,0,0,0,0,0,0,1,0,1,1,Mo-Su 16:00-00:00,Chinese;Sichuan,,,0,,,,,,,,,,,,,,4,minim,1,0,0,tidak_ada_rating,0,0.0,8
5295169468,node,restaurant,Bakso solo,,-7.2933919,112.676354,,,,,,1,0,0,0,0,0,0,0,0,0,0,0,0,0,0,0,0,0,0,0,1,0,0,0,,indonesian,,,0,,,,,,,,,,,,,,1,tidak_ada_info,0,0,0,tidak_ada_rating,0,0.0,2
5295169484,node,restaurant,Kao,,-7.2938037,112.6761291,,,,,,1,0,0,0,0,0,0,0,0,0,0,0,0,0,0,0,0,0,0,0,1,0,0,0,,chinese,,,0,,,,,,,,,,,,,,1,tidak_ada_info,0,0,0,tidak_ada_rating,0,0.0,2
5295169485,node,restaurant,United steak,,-7.2938192,112.6759986,,,,,,1,0,0,0,0,0,0,0,0,0,0,0,0,0,0,0,0,0,0,0,1,0,0,0,,steak_house;steak;western,,,0,,,,,,,,,,,,,,1,tidak_ada_info,0,0,0,tidak_ada_rating,0,0.0,2
5295169486,node,restaurant,Cwie mie Malang,,-7.2936565,112.6761273,,,,,,1,1,0,0,0,1,0,0,0,0,0,0,0,0,0,0,0,0,0,0,1,0,1,1,Mo-Su 07:00-23:00,indonesian,,,0,,,,,,,,,,,,,,3,minim,0,0,0,tidak_ada_rating,0,0.0,6
5295169487,node,restaurant,Pawon,,-7.2931209,112.6764366,,,,,,1,1,0,0,1,0,0,0,0,0,0,0,0,0,0,0,0,0,0,0,1,0,0,0,,indonesian,,,0,,,,,,,,,,,,,,3,minim,1,0,0,tidak_ada_rating,0,0.0,6
5295169642,node,restaurant,Warung ayam betutu,,-7.2930264,112.6762392,,,,,,1,1,0,0,0,0,0,0,0,0,0,0,0,0,0,0,0,0,0,0,1,0,0,0,,,,,0,,,,,,,,,,,,,,2,minim,0,0,0,tidak_ada_rating,0,0.0,4
5295169643,node,restaurant,Hao,,-7.2930255,112.6769987,,,,,,1,0,0,0,0,0,0,0,0,0,0,0,0,0,0,0,0,0,0,0,1,0,0,0,,,,,0,,,,,,,,,,,,,,1,tidak_ada_info,0,0,0,tidak_ada_rating,0,0.0,2
5295169644,node,restaurant,T4,,-7.2930228,112.6769354,,,,,,1,0,0,0,0,0,0,0,0,0,0,0,0,0,0,0,0,0,0,0,1,0,0,0,,,,,0,,,,,,,,,,,,,,1,tidak_ada_info,0,0,0,tidak_ada_rating,0,0.0,2
5295169647,node,restaurant,Sahara,,-7.2936924,112.6759912,,,,,,1,0,0,0,0,0,0,0,0,0,0,0,0,0,0,0,0,0,0,0,1,0,0,0,,,,,0,,,,,,,,,,,,,,1,tidak_ada_info,0,0,0,tidak_ada_rating,0,0.0,2
5295169648,node,restaurant,Frangipani,,-7.2935208,112.6760823,,,,,,1,0,0,0,0,1,0,0,0,0,0,0,0,0,0,0,0,0,0,0,1,0,1,1,Mo-Su 11:00-23:00,indonesian,,,0,,,,,,,,,,,,,,2,minim,0,0,0,tidak_ada_rating,0,0.0,4
5295169649,node,restaurant,Oba,,-7.2926313,112.6772958,,,,,,1,1,0,0,0,1,0,0,0,0,0,0,0,0,0,0,0,0,0,0,1,0,1,1,"Mo-Fr 12:00-21:00; Sa, Su 11:00-22:00",japanese,,,0,,,,,,,,,,,,,,3,minim,0,0,0,tidak_ada_rating,0,0.0,6
5300385308,node,restaurant,Pirates café,,-7.2853115,112.6331688,,,,,,1,1,0,0,0,1,0,0,0,0,0,0,0,0,0,0,0,0,0,0,1,0,1,1,Tu-Su 10:00-19:00,,,,0,,,,,,,,,,,,,,3,minim,0,0,0,tidak_ada_rating,0,0.0,6
5309200651,node,restaurant,Gao Ji Shao Kao,,-7.2923348,112.6765925,,,,,,1,0,0,0,0,0,0,0,0,0,0,0,0,0,0,0,0,0,0,0,1,0,0,0,,,,,0,,,,,,,,,,,,,,1,tidak_ada_info,0,0,0,tidak_ada_rating,0,0.0,2
5330279481,node,restaurant,Boulevard,,-7.2823993,112.683141,,,,,,1,0,0,0,0,0,0,0,0,0,0,0,0,0,0,0,0,0,0,0,1,0,0,0,,,,,0,,,,,,,,,,,,,,1,tidak_ada_info,0,0,0,tidak_ada_rating,0,0.0,2
5362689673,node,restaurant,Magal,,-7.2968202,112.6750878,,,,,,1,0,0,0,0,1,0,0,0,0,0,0,0,0,0,0,0,0,0,0,1,0,1,1,Mo-Su 11:30-22:00,,,,0,,,,,,,,,,,,,,2,minim,0,0,0,tidak_ada_rating,0,0.0,4
5466219735,node,restaurant,Hunger belt,,-7.2894444,112.6774637,,,,,,1,0,0,0,0,0,0,0,0,0,0,0,0,0,0,0,0,0,0,0,1,0,0,0,,,,,0,,,,,,,,,,,,,,1,tidak_ada_info,0,0,0,tidak_ada_rating,0,0.0,2
5466664780,node,restaurant,Chinese food,,-7.2932726,112.6762975,,,,,,1,0,0,0,0,0,0,0,0,0,0,0,0,0,0,0,0,0,0,0,1,0,0,0,,,,,0,,,,,,,,,,,,,,1,tidak_ada_info,0,0,0,tidak_ada_rating,0,0.0,2
5486254233,node,restaurant,Mama Noi,,-7.2923698,112.6521521,,,,,,1,0,1,0,0,1,0,0,0,0,0,0,0,0,0,0,0,0,0,0,1,0,1,1,Mo-Su 11:00-21:00,,,,0,,,,,,,,,,,,,,3,minim,1,0,0,tidak_ada_rating,0,0.0,6
5492374063,node,restaurant,The Piggy,,-7.2900998,112.6548608,,,,,,1,1,0,0,0,1,0,0,0,0,0,0,0,0,0,0,0,0,0,0,1,0,1,1,Mo-Su 16:00-22:30,,,,0,,,,,,,,,,,,,,3,minim,0,0,0,tidak_ada_rating,0,0.0,6
5497771231,node,restaurant,Sam's kitchen,,-7.2934045,112.6760344,,,,,,1,0,0,0,0,0,0,0,0,0,0,0,0,0,0,0,0,0,0,0,1,0,0,0,,seafood,,,0,,,,,,,,,,,,,,1,tidak_ada_info,0,0,0,tidak_ada_rating,0,0.0,2
5507289026,node,restaurant,Peco Peco,,-7.311164,112.6791479,,,,,,1,0,0,0,0,0,0,0,0,0,0,0,0,0,0,0,0,0,0,0,1,0,0,0,,sushi,,,0,,,,,,,,,,,,,,1,tidak_ada_info,0,0,0,tidak_ada_rating,0,0.0,2
5591713703,node,restaurant,Wapo,,-7.2917338,112.6544646,,,,,,1,0,0,0,0,0,0,0,0,0,0,0,0,0,0,0,0,0,0,0,1,0,0,0,,,,,0,,,,,,,,,,,,,,1,tidak_ada_info,0,0,0,tidak_ada_rating,0,0.0,2
5651550299,node,restaurant,D'cost,,-7.2702665,112.7455918,,,,,,1,0,0,0,0,0,0,0,0,0,0,0,0,0,0,0,0,0,0,0,1,0,0,0,,,,,0,,,,,,,,,,,,,,1,tidak_ada_info,0,0,0,tidak_ada_rating,0,0.0,2
5651550303,node,restaurant,Anda fit,,-7.2609254,112.7469105,,,,,,1,0,0,0,0,0,0,0,0,0,0,0,0,0,0,0,0,0,0,0,1,0,0,0,,,,,0,,,,,,,,,,,,,,1,tidak_ada_info,0,0,0,tidak_ada_rating,0,0.0,2
5897591806,node,restaurant,Halim Restaurant,,-7.2782908,112.7576061,,,,,,1,0,0,0,0,0,0,0,0,0,0,0,0,0,0,0,0,0,0,0,1,0,0,0,,asian,,,0,,,,,,,,,,,,,,1,tidak_ada_info,0,0,0,tidak_ada_rating,0,0.0,2
5897591823,node,restaurant,Sendai,,-7.2774208,112.765646,,,,,,1,0,0,0,0,0,0,0,0,0,0,0,0,0,0,0,0,0,0,0,1,0,0,0,,japanese,,,0,,,,,,,,,,,,,,1,tidak_ada_info,0,0,0,tidak_ada_rating,0,0.0,2
5897591824,node,restaurant,Sate Ayam Cak Arto,,-7.2775219,112.7656299,,,,,,1,0,0,0,0,0,0,0,0,0,0,0,0,0,0,0,0,0,0,0,1,0,0,0,,indonesian,,,0,,,,,,,,,,,,,,1,tidak_ada_info,0,0,0,tidak_ada_rating,0,0.0,2
5897591826,node,restaurant,365 Shanghai,,-7.2776071,112.7656138,,,,,,1,0,0,0,0,0,0,0,0,0,0,0,0,0,0,0,0,0,0,0,1,0,0,0,,chinese,,,0,,,,,,,,,,,,,,1,tidak_ada_info,0,0,0,tidak_ada_rating,0,0.0,2
5897591827,node,restaurant,Huang Table,,-7.2780514,112.7655575,,,,,,1,0,0,0,0,0,0,0,0,0,0,0,0,0,0,0,0,0,0,0,1,0,0,0,,seafood,,,0,,,,,,,,,,,,,,1,tidak_ada_info,0,0,0,tidak_ada_rating,0,0.0,2
5897591828,node,restaurant,Tip Top,,-7.2781578,112.7655441,,,,,,1,0,0,0,0,0,0,0,0,0,0,0,0,0,0,0,0,0,0,0,1,0,0,0,,indonesian,,,0,,,,,,,,,,,,,,1,tidak_ada_info,0,0,0,tidak_ada_rating,0,0.0,2
5897591829,node,restaurant,Ikan Bakar Cianjur,,-7.2782988,112.7655253,,,,,,1,0,0,0,0,0,0,0,0,0,0,0,0,0,0,0,0,0,0,0,1,0,0,0,,seafood,,,0,,,,,,,,,,,,,,1,tidak_ada_info,0,0,0,tidak_ada_rating,0,0.0,2
5897591833,node,restaurant,Mie GNI Jember,,-7.2793631,112.765815,,,,,,1,0,0,0,0,0,0,0,0,0,0,0,0,0,0,0,0,0,0,0,1,0,0,0,,noodle,,,0,,,,,,,,,,,,,,1,tidak_ada_info,0,0,0,tidak_ada_rating,0,0.0,2
5897591834,node,restaurant,Liu Fu,,-7.2792753,112.7658257,,,,,,1,0,0,0,0,0,0,0,0,0,0,0,0,0,0,0,0,0,0,0,1,0,0,0,,chinese,,,0,,,,,,,,,,,,,,1,tidak_ada_info,0,0,0,tidak_ada_rating,0,0.0,2
5897591835,node,restaurant,Idaman,,-7.2791502,112.7658364,,,,,,1,0,0,0,0,0,0,0,0,0,0,0,0,0,0,0,0,0,0,0,1,0,0,0,,indonesian;chinese,,,0,,,,,,,,,,,,,,1,tidak_ada_info,0,0,0,tidak_ada_rating,0,0.0,2
5897591838,node,restaurant,Ayam Goreng President,,-7.2786766,112.7659169,,,,,,1,0,0,0,0,0,0,0,0,0,0,0,0,0,0,0,0,0,0,0,1,0,0,0,,chicken,,,0,,,,,,,,,,,,,,1,tidak_ada_info,0,0,0,tidak_ada_rating,0,0.0,2
5897591839,node,restaurant,Fajar,,-7.2785596,112.7659222,,,,,,1,0,0,0,0,0,0,0,0,0,0,0,0,0,0,0,0,0,0,0,1,0,0,0,,chinese,,,0,,,,,,,,,,,,,,1,tidak_ada_info,0,0,0,tidak_ada_rating,0,0.0,2
5897591841,node,restaurant,Depot 539,,-7.2782616,112.7659464,,,,,,1,0,0,0,0,0,0,0,0,0,0,0,0,0,0,0,0,0,0,0,1,0,0,0,,,,,0,,,,,,,,,,,,,,1,tidak_ada_info,0,0,0,tidak_ada_rating,0,0.0,2
5897591844,node,restaurant,Happy Suzy,,-7.278094,112.7659625,,,,,,1,0,0,0,0,0,0,0,0,0,0,0,0,0,0,0,0,0,0,0,1,0,0,0,,,,,0,,,,,,,,,,,,,,1,tidak_ada_info,0,0,0,tidak_ada_rating,0,0.0,2
5897591845,node,restaurant,Slice of Cali,,-7.2778226,112.7659839,,,,,,1,0,0,0,0,0,0,0,0,0,0,0,0,0,0,0,0,0,0,0,1,0,0,0,,italian,,,0,,,,,,,,,,,,,,1,tidak_ada_info,0,0,0,tidak_ada_rating,0,0.0,2
5897591852,node,restaurant,Mutiara,,-7.278384,112.7649486,,,,,,1,0,0,0,0,0,0,0,0,0,0,0,0,0,0,0,0,0,0,0,1,0,0,0,,indonesian,,,0,,,,,,,,,,,,,,1,tidak_ada_info,0,0,0,tidak_ada_rating,0,0.0,2
5897591853,node,restaurant,Pondok Khas Jenggala,,-7.281127,112.7717373,,,,,,1,0,0,0,0,0,0,0,0,0,0,0,0,0,0,0,0,0,0,0,1,0,0,0,,seafood,,,0,,,,,,,,,,,,,,1,tidak_ada_info,0,0,0,tidak_ada_rating,0,0.0,2
5897591854,node,restaurant,Depot Pak Bas,,-7.2815447,112.7720001,,,,,,1,0,0,0,0,0,0,0,0,0,0,0,0,0,0,0,0,0,0,0,1,0,0,0,,indonesian,,,0,,,,,,,,,,,,,,1,tidak_ada_info,0,0,0,tidak_ada_rating,0,0.0,2
5897591868,node,restaurant,Yung Ho,,-7.2800734,112.7644148,,,,,,1,0,0,0,0,0,0,0,0,0,0,0,0,0,0,0,0,0,0,0,1,0,0,0,,chinese,,,0,,,,,,,,,,,,,,1,tidak_ada_info,0,0,0,tidak_ada_rating,0,0.0,2
5897591870,node,restaurant,Bekyu,,-7.2801799,112.765359,,,,,,1,0,0,0,0,0,0,0,0,0,0,0,0,0,0,0,0,0,0,0,1,0,0,0,,japanese,,,0,,,,,,,,,,,,,,1,tidak_ada_info,0,0,0,tidak_ada_rating,0,0.0,2
5897591871,node,restaurant,Hakata Ikkousha,,-7.2801878,112.7654904,,,,,,1,0,0,0,0,0,0,0,0,0,0,0,0,0,0,0,0,0,0,0,1,0,0,0,,japanese,,,0,,,,,,,,,,,,,,1,tidak_ada_info,0,0,0,tidak_ada_rating,0,0.0,2
5897591872,node,restaurant,Terminal,,-7.2801985,112.765646,,,,,,1,0,0,0,0,0,0,0,0,0,0,0,0,0,0,0,0,0,0,0,1,0,0,0,,seafood,,,0,,,,,,,,,,,,,,1,tidak_ada_info,0,0,0,tidak_ada_rating,0,0.0,2
5897591875,node,restaurant,Istana Berkat,,-7.2803634,112.767714,,,,,,1,0,0,0,0,0,0,0,0,0,0,0,0,0,0,0,0,0,0,0,1,0,0,0,,seafood,,,0,,,,,,,,,,,,,,1,tidak_ada_info,0,0,0,tidak_ada_rating,0,0.0,2
5897591876,node,restaurant,Primarasa,,-7.2804699,112.7679151,,,,,,1,0,0,0,0,0,0,0,0,0,0,0,0,0,0,0,0,0,0,0,1,0,0,0,,indonesian,,,0,,,,,,,,,,,,,,1,tidak_ada_info,0,0,0,tidak_ada_rating,0,0.0,2
5897591877,node,restaurant,Asian King,,-7.2804911,112.7685696,,,,,,1,0,0,0,0,0,0,0,0,0,0,0,0,0,0,0,0,0,0,0,1,0,0,0,,asian,,,0,,,,,,,,,,,,,,1,tidak_ada_info,0,0,0,tidak_ada_rating,0,0.0,2
5897591878,node,restaurant,Steak Hut,,-7.2805257,112.7688915,,,,,,1,0,0,0,0,0,0,0,0,0,0,0,0,0,0,0,0,0,0,0,1,0,0,0,,steak_house,,,0,,,,,,,,,,,,,,1,tidak_ada_info,0,0,0,tidak_ada_rating,0,0.0,2
5897591879,node,restaurant,Warung Wakaka,,-7.2805603,112.7691919,,,,,,1,0,0,0,0,0,0,0,0,0,0,0,0,0,0,0,0,0,0,0,1,0,0,0,,indonesian,,,0,,,,,,,,,,,,,,1,tidak_ada_info,0,0,0,tidak_ada_rating,0,0.0,2
5897591880,node,restaurant,Hot Pot Town,,-7.280704,112.7705571,,,,,,1,0,0,0,0,0,0,0,0,0,0,0,0,0,0,0,0,0,0,0,1,0,0,0,,chinese,,,0,,,,,,,,,,,,,,1,tidak_ada_info,0,0,0,tidak_ada_rating,0,0.0,2
5897593892,node,restaurant,Shao Kao,,-7.2801878,112.7770856,,,,,,1,0,0,0,0,0,0,0,0,0,0,0,0,0,0,0,0,0,0,0,1,0,0,0,,chinese,,,0,,,,,,,,,,,,,,1,tidak_ada_info,0,0,0,tidak_ada_rating,0,0.0,2
5897593894,node,restaurant,Holycow,,-7.2801932,112.7783892,,,,,,1,0,0,0,0,0,0,0,0,0,0,0,0,0,0,0,0,0,0,0,1,0,0,0,,steak_house,,,0,,,,,,,,,,,,,,1,tidak_ada_info,0,0,0,tidak_ada_rating,0,0.0,2
5897593895,node,restaurant,Botanika,,-7.2802038,112.7749291,,,,,,1,0,0,0,0,0,0,0,0,0,0,0,0,0,0,0,0,0,0,0,1,0,0,0,,indonesian,,,0,,,,,,,,,,,,,,1,tidak_ada_info,0,0,0,tidak_ada_rating,0,0.0,2
5897593897,node,restaurant,Seigo,,-7.2801187,112.7715924,Jalan Manyar Kertoarjo,91,,,,1,0,0,0,0,0,0,0,0,0,0,0,0,0,0,0,0,0,0,0,1,0,0,0,,japanese,,,0,,,,,,,,,,,,,,1,tidak_ada_info,0,0,0,tidak_ada_rating,0,0.0,2
5897593898,node,restaurant,HC Resto,,-7.2801104,112.7714359,Jalan Manyar Kertoarjo,89,,,,1,0,0,0,0,0,0,0,0,0,0,0,0,0,0,0,0,0,0,0,1,0,0,0,,,,,0,,,,,,,,,,,,,,1,tidak_ada_info,0,0,0,tidak_ada_rating,0,0.0,2
5897593899,node,restaurant,Bima,,-7.279967,112.7706161,,,,,,1,0,0,0,0,0,0,0,0,0,0,0,0,0,0,0,0,0,0,0,1,0,0,0,,chinese,,,0,,,,,,,,,,,,,,1,tidak_ada_info,0,0,0,tidak_ada_rating,0,0.0,2
5897593900,node,restaurant,Malioboro,,-7.2800149,112.7704793,,,,,,1,0,0,0,0,0,0,0,0,0,0,0,0,0,0,0,0,0,0,0,1,0,0,0,,indonesian,,,0,,,,,,,,,,,,,,1,tidak_ada_info,0,0,0,tidak_ada_rating,0,0.0,2
5897593904,node,restaurant,New Royal Restaurant,,-7.2797515,112.7679071,,,,,,1,0,0,0,0,0,0,0,0,0,0,0,0,0,0,0,0,0,0,0,1,0,0,0,,chinese,,,0,,,,,,,,,,,,,,1,tidak_ada_info,0,0,0,tidak_ada_rating,0,0.0,2
5897593906,node,restaurant,HaoXiongDi Chinese Restaurant & Hotpot Town,,-7.2797861,112.7682182,,,,,,1,0,0,0,0,0,0,0,0,0,0,0,0,0,0,0,0,0,0,0,1,0,0,0,,chinese,,,0,,,,,,,,,,,,,,1,tidak_ada_info,0,0,0,tidak_ada_rating,0,0.0,2
5897593907,node,restaurant,Magal BBQ,,-7.2796637,112.767545,,,,,,1,0,0,0,0,0,0,0,0,0,0,0,0,0,0,0,0,0,0,0,1,0,0,0,,korean,,,0,,,,,,,,,,,,,,1,tidak_ada_info,0,0,0,tidak_ada_rating,0,0.0,2
5897593908,node,restaurant,Pizza Hut,Pizza Hut,-7.2795493,112.7664077,,,,,,1,0,0,0,0,1,0,1,0,0,0,0,0,1,1,0,0,0,0,0,1,0,0,1,10:00-23:00,pizza,,,0,,,,,,,,,,,,,,3,minim,0,0,1,tidak_ada_rating,0,0.0,6
5912420218,node,restaurant,Galbisal,,-7.2805409,112.7690652,,,,,,1,0,0,0,0,0,0,0,0,0,0,0,0,0,0,0,0,0,0,0,1,0,0,0,,korean,,,0,,,,,,,,,,,,,,1,tidak_ada_info,0,0,0,tidak_ada_rating,0,0.0,2
6123924351,node,restaurant,Mie Jogging,,-7.2613771,112.7492724,,,,,,1,0,0,0,0,0,0,0,0,0,0,0,0,0,0,0,0,0,0,0,1,0,0,0,,noodle,,,0,,,,,,,,,,,,,,1,tidak_ada_info,0,0,0,tidak_ada_rating,0,0.0,2
6173243691,node,restaurant,Bu Kris,,-7.2696989,112.7466239,,,,,,1,0,0,0,0,0,0,0,0,0,0,0,0,0,0,0,0,0,0,0,1,0,0,0,,,,,0,,,,,,,,,,,,,,1,tidak_ada_info,0,0,0,tidak_ada_rating,0,0.0,2
6296251693,node,restaurant,Pizza Hut,Pizza Hut,-7.3169157,112.7812564,,,,,,1,0,0,0,0,1,0,1,0,0,0,0,0,1,1,0,0,0,0,0,1,0,0,1,10:00-22:00,pizza,,,0,,,,,,,,,,,,,,3,minim,0,0,1,tidak_ada_rating,0,0.0,6
6358934715,node,restaurant,Pecel Mangaps,,-7.2281988,112.6075786,,,,,,1,0,0,0,0,1,0,0,0,0,0,0,0,0,0,0,1,0,0,0,1,0,1,1,Mo-Su 09:00-12:00,asian,,,0,,,,,,,,,,,,,,2,minim,0,0,0,tidak_ada_rating,0,0.0,4
6363980464,node,restaurant,Nelongso,,-7.2894012,112.7768011,,,,,,1,0,0,0,0,0,0,0,0,0,0,0,0,0,0,0,0,0,0,0,1,0,0,0,,,,,0,,,,,,,,,,,,,,1,tidak_ada_info,0,0,0,tidak_ada_rating,0,0.0,2
6417117692,node,restaurant,Pizza Hut,Pizza Hut,-7.2759601,112.7819163,,,,,,1,0,0,0,0,0,0,0,0,0,0,0,0,0,0,0,0,0,0,0,1,0,0,0,,pizza,,,0,,,,,,,,,,,,,,1,tidak_ada_info,0,0,0,tidak_ada_rating,0,0.0,2
6495308532,node,restaurant,Al's Pizza,,-7.2710607,112.7561993,Jalan Dharmawangsa,,,,,1,0,0,0,0,0,0,0,0,0,0,0,0,0,0,0,0,0,0,0,1,0,0,0,,pizza,,,0,,,,,,,,,,,,,,1,tidak_ada_info,0,0,0,tidak_ada_rating,0,0.0,2
6585930978,node,restaurant,Uppercut Steakhouse,,-7.2598355,112.7348007,Jalan Embong Malang,85-89,,,60261,1,1,1,1,0,1,0,1,0,1,0,0,0,0,0,0,0,1,0,0,1,0,1,1,"Tuesday - Sunday , Lunch and Dinner",steak_house,69,,1,,,,,,,,,,,,,,6,cukup_lengkap,1,0,0,tidak_ada_rating,0,0.0,12
6618395895,node,restaurant,Cafetaria Informatika,,-7.2800621,112.7970129,,,,,,1,0,0,0,0,0,0,0,0,0,0,0,0,0,0,0,0,0,0,0,1,0,0,0,,,,,0,,,,,,,,,,,,,,1,tidak_ada_info,0,0,0,tidak_ada_rating,0,0.0,2
6621178651,node,restaurant,Hacienda,,-7.2621357,112.7380824,,,,,,1,1,0,0,0,0,0,0,0,0,0,0,0,0,0,0,0,0,0,0,1,0,0,0,,mexican,,,0,,,,,,,,,,,,,,2,minim,0,0,0,tidak_ada_rating,0,0.0,4
6621178652,node,restaurant,Play Domicile,,-7.2623932,112.7379781,,,,,,1,0,0,0,0,0,0,0,0,0,0,0,0,0,0,0,0,0,0,0,1,0,0,0,,international,,,0,,,,,,,,,,,,,,1,tidak_ada_info,0,0,0,tidak_ada_rating,0,0.0,2
6681977561,node,restaurant,Primarasa,,-7.2825112,112.737187,,,,,,1,0,0,0,0,0,0,0,0,0,0,0,0,0,0,0,0,0,0,0,1,0,0,0,,chicken,,,0,,,,,,,,,,,,,,1,tidak_ada_info,0,0,0,tidak_ada_rating,0,0.0,2
6681977562,node,restaurant,Bogowonto,,-7.2873507,112.7327077,,,,,,1,0,0,0,0,0,0,0,0,0,0,0,0,0,0,0,0,0,0,0,1,0,0,0,,,,,0,,,,,,,,,,,,,,1,tidak_ada_info,0,0,0,tidak_ada_rating,0,0.0,2
6681977563,node,restaurant,Sop Buntut Gelora Pancasila,,-7.2871539,112.7319621,,,,,,1,0,0,0,0,0,0,0,0,0,0,0,0,0,0,0,0,0,0,0,1,0,0,0,,,,,0,,,,,,,,,,,,,,1,tidak_ada_info,0,0,0,tidak_ada_rating,0,0.0,2
6681993567,node,restaurant,Matchbox Too,,-7.2860018,112.7327015,Jalan Opak,,,,,1,0,0,0,0,1,0,0,0,0,0,0,0,0,0,0,0,0,0,0,1,0,1,1,Mo-Su 11:00-24:00,,,,0,,,,,,,,,,,,,,2,minim,0,0,0,tidak_ada_rating,0,0.0,4
6681993568,node,restaurant,Onni House,,-7.2858741,112.7330421,Jalan Opak,,,,,1,0,0,0,0,1,0,0,0,0,0,0,0,0,0,0,0,0,0,0,1,0,1,1,Mo-Su 10:00-22:00,,,,0,,,,,,,,,,,,,,2,minim,0,0,0,tidak_ada_rating,0,0.0,4
6681993569,node,restaurant,Goodstone,,-7.2860843,112.7331655,Jalan Opak,,,,,1,0,0,0,0,1,0,0,0,0,0,0,0,0,0,0,0,0,0,0,1,0,1,1,Mo-Su 11:00-22:00,,,,0,,,,,,,,,,,,,,2,minim,0,0,0,tidak_ada_rating,0,0.0,4
6681993570,node,restaurant,Urban Wagyu,,-7.286196,112.7332218,Jalan Opak,,,,,1,0,0,0,0,1,0,0,0,0,0,0,0,0,0,0,0,0,0,0,1,0,1,1,Mo-Su 10:00-22:00,,,,0,,,,,,,,,,,,,,2,minim,0,0,0,tidak_ada_rating,0,0.0,4
6681993574,node,restaurant,Guilin,,-7.2866829,112.7329053,,,,,,1,0,0,0,0,0,0,0,0,0,0,0,0,0,0,0,0,0,0,0,1,0,0,0,,chinese,,,0,,,,,,,,,,,,,,1,tidak_ada_info,0,0,0,tidak_ada_rating,0,0.0,2
6681993575,node,restaurant,A Fung,,-7.2849016,112.7317399,,,,,,1,0,0,0,0,0,0,0,0,0,0,0,0,0,0,0,0,0,0,0,1,0,0,0,,,,,0,,,,,,,,,,,,,,1,tidak_ada_info,0,0,0,tidak_ada_rating,0,0.0,2
6681993576,node,restaurant,The Pianoza,,-7.2847926,112.7320081,,,,,,1,0,0,0,0,0,0,0,0,0,0,0,0,0,0,0,0,0,0,0,1,0,0,0,,american,,,0,,,,,,,,,,,,,,1,tidak_ada_info,0,0,0,tidak_ada_rating,0,0.0,2
6806678496,node,restaurant,Sanger,,-7.2699243,112.7605858,,,,,,1,0,0,0,0,0,0,0,0,0,0,0,0,0,0,0,0,0,0,0,1,0,0,0,,acehnese,,,0,,,,,,,,,,,,,,1,tidak_ada_info,0,0,0,tidak_ada_rating,0,0.0,2
6806679944,node,restaurant,Palapa,,-7.2741397,112.7559219,,,,,,1,0,0,0,0,0,0,0,0,0,0,0,0,0,0,0,0,0,0,0,1,0,0,0,,indonesian,,,0,,,,,,,,,,,,,,1,tidak_ada_info,0,0,0,tidak_ada_rating,0,0.0,2
6806679948,node,restaurant,Ampera,,-7.27199,112.7609866,,,,,,1,0,0,0,0,0,0,0,0,0,0,0,0,0,0,0,0,0,0,0,1,0,0,0,,indonesian,,,0,,,,,,,,,,,,,,1,tidak_ada_info,0,0,0,tidak_ada_rating,0,0.0,2
6862762516,node,restaurant,Warung Bu Sri,,-7.2706714,112.756235,,,,,,1,0,0,0,0,0,0,0,0,0,0,0,0,0,0,0,0,0,0,0,1,0,0,0,,,,,0,,,,,,,,,,,,,,1,tidak_ada_info,0,0,0,tidak_ada_rating,0,0.0,2
6866811760,node,restaurant,Ayam Penyet Ria,,-7.2632201,112.7404317,,,,,,1,0,0,0,0,0,0,0,0,0,0,0,0,0,0,0,0,0,0,0,1,0,0,0,,indonesian,,,0,,,,,,,,,,,,,,1,tidak_ada_info,0,0,0,tidak_ada_rating,0,0.0,2
6878034585,node,restaurant,Amen seafood,,-7.3044723,112.7809728,,,,,,1,0,0,0,0,0,0,0,0,0,0,0,0,0,0,0,0,0,0,0,1,0,0,0,,chinese,,,0,,,,,,,,,,,,,,1,tidak_ada_info,0,0,0,tidak_ada_rating,0,0.0,2
6919662601,node,restaurant,Soto Ayan Hartono,,-7.2525311,112.7441582,,,,,,1,0,0,0,0,0,0,0,0,0,0,0,0,0,0,0,0,0,0,0,1,0,0,0,,indonesian,,,0,,,,,,,,,,,,,,1,tidak_ada_info,0,0,0,tidak_ada_rating,0,0.0,2
6929790976,node,restaurant,,,-7.2941715,112.7365998,,,,,,0,0,0,0,0,0,0,0,0,0,0,0,0,0,0,0,0,0,0,0,1,0,0,0,,,,,0,,,,,,,,,,,,,,0,tidak_ada_info,0,0,0,tidak_ada_rating,0,0.0,0
7018202761,node,restaurant,Haryono Kitchen,,-7.2759752,112.7465052,,,,,,1,0,0,0,0,0,0,0,0,0,0,0,0,0,0,0,0,0,0,0,1,0,0,0,,asian,,,0,,,,,,,,,,,,,,1,tidak_ada_info,0,0,0,tidak_ada_rating,0,0.0,2
7113668085,node,restaurant,Warung Bunda,,-7.2596389,112.7382583,,,,,,1,0,0,0,0,1,0,0,0,0,0,0,1,0,0,0,0,0,0,0,1,0,0,1,Mo-Fr 11:00-14:00,chicken;fish;asian;local,,,0,,,,,,,,,,,,,,2,minim,0,0,0,tidak_ada_rating,0,0.0,4
7126109086,node,restaurant,Depot Acu Aling,,-7.2292466,112.7352166,Jalan Dapuan Bendungan III,1,,,,1,0,0,0,0,1,0,0,0,0,0,0,0,0,0,0,0,0,0,0,1,0,1,1,Tu-Su 07:00-17:00,noodles;breakfast;coffee_shop,,,0,,,,,,,,,,,,,,2,minim,0,0,0,tidak_ada_rating,0,0.0,4
7127611885,node,restaurant,Warung Rakyat,,-7.2488475,112.7596704,Jalan Tambak Segaran Wetan,,,,,1,0,0,0,0,1,0,0,0,0,0,0,0,0,0,0,0,0,0,0,1,0,1,1,Mo-Su 09:00-16:00,fish;coffee_shop;local,,,0,,,,,,,,,,,,,,2,minim,0,0,0,tidak_ada_rating,0,0.0,4
7130116785,node,restaurant,Warung Pak Min,,-7.2749778,112.7262305,Jalan Girilaya,1,,,,1,0,0,0,0,1,0,0,0,0,0,0,1,0,0,0,0,0,0,0,1,1,0,0,24/7,diner;breakfast,,,0,,,,,,,,,,,,,,2,minim,0,0,0,tidak_ada_rating,0,0.0,4
7150243386,node,restaurant,Warung Ijo,,-7.2637455,112.7387519,Jalan Kaliasin Pompa,63,,,,1,0,0,0,0,1,0,1,0,0,0,0,0,0,0,0,0,0,0,0,1,0,1,1,Mo-Su 09:00-20:00,chicken;fish;asian,,,0,,,,,,,,,,,,,,3,minim,0,0,0,tidak_ada_rating,0,0.0,6
7158221985,node,restaurant,Depot Murah Meriah,,-7.2740426,112.7273708,Jalan Pandegiling,360,,,,1,0,0,0,0,1,0,0,0,0,0,0,0,0,0,0,0,0,0,0,1,0,1,1,Mo-Su 09:00-23:00,chicken;noodles,,,0,,,,,,,,,,,,,,2,minim,0,0,0,tidak_ada_rating,0,0.0,4
7158234585,node,restaurant,Nasgor Mak Pasar Sore Pandegiling,,-7.2749305,112.7306979,Jalan Pandegiling,185,,,,1,0,0,0,0,1,0,0,0,0,0,0,0,0,0,0,0,0,0,0,1,0,1,1,Mo-Su 16:00-22:01,noodle,,,0,,,,,,,,,,,,,,2,minim,0,0,0,tidak_ada_rating,0,0.0,4
7158238285,node,restaurant,Bakso Babi Pandegiling,,-7.2753611,112.7330474,Jalan Pandegiling,,,,,1,0,0,0,0,1,0,0,0,0,0,0,0,0,0,0,0,0,0,0,1,0,1,1,Mo-Su 09:00-21:00,,,,0,,,,,,,,,,,,,,2,minim,0,0,0,tidak_ada_rating,0,0.0,4
7271489177,node,restaurant,,,-7.2792127,112.7658205,,,,,,0,0,0,0,0,0,0,0,0,0,0,0,0,0,0,0,0,0,0,0,1,0,0,0,,,,,0,,,,,,,,,,,,,,0,tidak_ada_info,0,0,0,tidak_ada_rating,0,0.0,0
7660571334,node,restaurant,Pizza Hut,,-7.3209342,112.746587,,,,,,1,0,0,0,0,0,0,0,0,0,0,0,0,0,0,0,0,0,0,0,1,0,0,0,,pizza,,,0,,,,,,,,,,,,,,1,tidak_ada_info,0,0,0,tidak_ada_rating,0,0.0,2
8151132660,node,restaurant,Pujasera,,-7.2971622,112.7365334,,,,,,1,0,0,0,0,0,0,0,0,0,0,0,0,0,0,0,0,0,0,0,1,0,0,0,,,,,0,,,,,,,,,,,,,,1,tidak_ada_info,0,0,0,tidak_ada_rating,0,0.0,2
8151416113,node,restaurant,Pujasera,,-7.2957299,112.7363986,,,,,,1,0,0,0,0,0,0,0,0,0,0,0,0,0,0,0,0,0,0,0,1,0,0,0,,,,,0,,,,,,,,,,,,,,1,tidak_ada_info,0,0,0,tidak_ada_rating,0,0.0,2
9753339104,node,restaurant,Bakso Boedjangan,,-7.2983127,112.7623743,,,,,,1,0,0,0,0,0,0,0,0,0,0,0,0,0,0,0,0,0,0,0,1,0,0,0,,,,,0,,,,,,,,,,,,,,1,tidak_ada_info,0,0,0,tidak_ada_rating,0,0.0,2
9811380931,node,restaurant,Warung tahu telur,,-7.3390097,112.7405747,Jalan Siwalankerto Timur I,75,,,60236,1,0,0,0,0,1,0,0,0,0,0,1,0,0,0,0,0,0,0,0,1,0,1,1,Mo-Su 18.00-23:00,asian,,,0,,,,,,,,,,,,,,2,minim,0,0,0,tidak_ada_rating,0,0.0,4
10774732098,node,restaurant,CFC,California Fried Chicken,-7.2654187,112.7524182,,,,,,1,0,0,0,0,0,0,0,0,0,0,0,0,0,0,0,0,0,0,0,1,0,0,0,,chicken,,,0,,,,,,,,,,,,,,1,tidak_ada_info,0,0,0,tidak_ada_rating,0,0.0,2
10989466423,node,restaurant,Gwalk Garden,,-7.2908272,112.6544797,Gwalk,"Garden Food 2 nomor 5,6,7",,,60213,1,1,0,0,0,0,0,0,0,0,0,1,0,0,0,0,0,0,0,0,1,0,0,0,,,,,0,,,,,,,,,,,,,,2,minim,0,0,0,tidak_ada_rating,0,0.0,4
11021766295,node,restaurant,Gubug Makan Mang Engking Yani Golf Surabaya,,-7.3018131,112.714989,"Jl. Golf 1 Surabaya, Gunungsari, Dukuh Pakis, Kota Surabaya",1,,,60224,1,1,1,0,0,1,0,0,0,1,1,1,0,0,0,0,1,1,1,0,1,0,1,1,Mo-Su 10:00-21:30 Thu 10:00-21:00,traditional;seafood,,,1,,,,,,,,,,,,,,5,cukup_lengkap,1,1,0,tidak_ada_rating,0,0.0,10
11355551169,node,restaurant,Bakmi Jogja Trunojoyo,,-7.2658208,112.7376556,,,,,,1,0,0,0,0,0,0,0,0,0,0,0,0,0,0,0,0,0,0,0,1,0,0,0,,,,,0,,,,,,,,,,,,,,1,tidak_ada_info,0,0,0,tidak_ada_rating,0,0.0,2
11609752541,node,restaurant,Gudeg Solo,,-7.3226085,112.7421906,Jalan Raya Jemursari,69,,,60237,1,1,0,0,0,1,0,0,0,0,0,0,0,0,0,0,0,0,0,0,1,0,1,1,Tu-Su 08:00-21:00,indonesian,,,0,,,,,,,,,,,,,,3,minim,0,0,0,tidak_ada_rating,0,0.0,6
11655441512,node,restaurant,"Doyan Ayam Tambaksari, Surabaya",,-7.247964,112.7794678,"Food Legacy, The Kitchenware Paradise Lt. 2, Jl. Kenjeran No. 463 – 465 Kel. Gading, Kec. Tambaksari",,,,60134,1,0,0,0,0,0,0,0,0,0,0,0,0,0,0,0,0,0,0,0,1,0,0,0,,chicken;indonesian,,,0,,,,,,,,,,,,,,1,tidak_ada_info,0,0,0,tidak_ada_rating,0,0.0,2
11655614123,node,restaurant,"Doyan Ayam Jambangan, Surabaya",,-7.3083342,112.7156873,"Jl. Karah, Karah, Kec. Jambangan",,,,60232,1,0,0,0,0,0,0,0,0,0,0,0,0,0,0,0,0,0,0,0,1,0,0,0,,chicken;indonesian,,,0,,,,,,,,,,,,,,1,tidak_ada_info,0,0,0,tidak_ada_rating,0,0.0,2
11733317575,node,restaurant,Warung Reog,,-7.2309026,112.7327459,Jalan Sampoerna,30,,,,1,0,0,0,0,0,0,0,0,0,0,0,0,0,0,0,0,0,0,0,1,0,0,0,,,,,0,,,,,,,,,,,,,,1,tidak_ada_info,0,0,0,tidak_ada_rating,0,0.0,2
11733317577,node,restaurant,Warung Kuning Bu Lily,,-7.2249031,112.7353819,Jalan Indrapura Jaya,247,,,,1,0,0,0,0,0,0,0,0,0,0,0,0,0,0,0,0,0,0,0,1,0,0,0,,,,,0,,,,,,,,,,,,,,1,tidak_ada_info,0,0,0,tidak_ada_rating,0,0.0,2
11733317579,node,restaurant,Warung Mbak Nap,,-7.2282763,112.7353396,Jalan Kebalen Wetan I,,,,,1,0,0,0,0,0,0,0,0,0,0,0,0,0,0,0,0,0,0,0,1,0,0,0,,,,,0,,,,,,,,,,,,,,1,tidak_ada_info,0,0,0,tidak_ada_rating,0,0.0,2
11733317580,node,restaurant,Warung Cholifah,,-7.2252336,112.73499,Jalan Kebalen Barat,,,,,1,0,0,0,0,0,0,0,0,0,0,0,0,0,0,0,0,0,0,0,1,0,0,0,,,,,0,,,,,,,,,,,,,,1,tidak_ada_info,0,0,0,tidak_ada_rating,0,0.0,2
11733317583,node,restaurant,Mie Babat Kembang Jepun,,-7.2402725,112.7375202,Jalan Gatotan,,,,,1,0,0,0,0,1,0,0,0,0,0,0,0,0,0,0,0,0,0,0,1,0,1,1,Mo-Su 18:00-22:00,,,,0,,,,,,,,,,,,,,2,minim,0,0,0,tidak_ada_rating,0,0.0,4
11733317584,node,restaurant,Stop daging khas madura special tulang iga,,-7.2428052,112.7344258,Jalan Indrapura,,,,,1,0,0,0,0,0,0,0,0,0,0,0,0,0,0,0,0,0,0,0,1,0,0,0,,,,,0,,,,,,,,,,,,,,1,tidak_ada_info,0,0,0,tidak_ada_rating,0,0.0,2
11733317671,node,restaurant,Pujasera Suket Bunder,,-7.2393522,112.7327549,Jalan Gatotan,,,,,1,0,0,0,0,1,0,0,0,0,0,0,0,0,0,0,0,0,0,0,1,0,1,1,Mo-Su 16:00-22:00,,,,0,,,,,,,,,,,,,,2,minim,0,0,0,tidak_ada_rating,0,0.0,4
11733317676,node,restaurant,Warung Ferdika,,-7.2453547,112.7365689,Jalan Pasar Turi,,,,,1,0,0,0,0,1,0,0,0,0,0,0,0,0,0,0,0,0,0,0,1,0,0,1,Mo-Sa 09:00-16:00,,,,0,,,,,,,,,,,,,,2,minim,0,0,0,tidak_ada_rating,0,0.0,4
11733317678,node,restaurant,Rumah Makan Sabar,,-7.2364487,112.7347343,Jalan Mliwis,43,,,,1,0,0,0,0,0,0,0,0,0,0,0,0,0,0,0,0,0,0,0,1,0,0,0,,,,,0,,,,,,,,,,,,,,1,tidak_ada_info,0,0,0,tidak_ada_rating,0,0.0,2
11733317679,node,restaurant,Rumah Makan Laksana Jaya II,,-7.235837,112.734838,Jalan Krembangan Timur,32a,,,,1,0,0,0,0,0,0,0,0,0,0,0,0,0,0,0,0,0,0,0,1,0,0,0,,,,,0,,,,,,,,,,,,,,1,tidak_ada_info,0,0,0,tidak_ada_rating,0,0.0,2
11733317681,node,restaurant,Warung Ibu Khoriyah,,-7.2301841,112.7324881,Jalan Tambak Gringsing II,,,,,1,0,0,0,0,0,0,0,0,0,0,0,0,0,0,0,0,0,0,0,1,0,0,0,,,,,0,,,,,,,,,,,,,,1,tidak_ada_info,0,0,0,tidak_ada_rating,0,0.0,2
11733317779,node,restaurant,Bakso Wonglawas,,-7.2413421,112.7339865,Jalan Kalongan Kidul I,61,,,,1,0,0,0,0,1,0,0,0,0,0,0,0,0,0,0,0,0,0,0,1,0,1,1,Mo-Su 12:00-16:00,,,,0,,,,,,,,,,,,,,2,minim,0,0,0,tidak_ada_rating,0,0.0,4
11733317782,node,restaurant,Mie Sarirasa,,-7.2371736,112.7331502,Jalan Merica,2,,,,1,0,0,0,0,1,0,0,0,0,0,0,0,0,0,0,0,0,0,0,1,0,0,1,Mo-Sa 09:00-16:00,,,,0,,,,,,,,,,,,,,2,minim,0,0,0,tidak_ada_rating,0,0.0,4
11733317785,node,restaurant,Depot Bakso J & J Jaya (Pak San),,-7.2464848,112.7369121,Jalan Bubutan,,,,,1,0,0,0,0,1,0,0,0,0,0,0,0,0,0,0,0,0,0,0,1,0,1,1,Mo-Su 09:00-16:00,,,,0,,,,,,,,,,,,,,2,minim,0,0,0,tidak_ada_rating,0,0.0,4
11733317791,node,restaurant,Penyetan Rajawali,,-7.2384862,112.7321921,Pesapen Selatan 42,,,,,1,0,0,0,0,0,0,0,0,0,0,0,0,0,0,0,0,0,0,0,1,0,0,0,,,,,0,,,,,,,,,,,,,,1,tidak_ada_info,0,0,0,tidak_ada_rating,0,0.0,2
11733317796,node,restaurant,Warung Nasi Bu Kus,,-7.2366005,112.7334206,Jalan Krembangan Makam,6F,,,,1,0,0,0,0,0,0,0,0,0,0,0,0,0,0,0,0,0,0,0,1,0,0,0,,,,,0,,,,,,,,,,,,,,1,tidak_ada_info,0,0,0,tidak_ada_rating,0,0.0,2
11733317870,node,restaurant,Warung Gorengan Krembangan Kecil,,-7.2381918,112.7328186,Jalan Krembangan Kecil,,,,,1,0,0,0,0,0,0,0,0,0,0,0,0,0,0,0,0,0,0,0,1,0,0,0,,,,,0,,,,,,,,,,,,,,1,tidak_ada_info,0,0,0,tidak_ada_rating,0,0.0,2
11733317873,node,restaurant,Warung Doa Ibu,,-7.2296379,112.7352987,Jalan Dapuan Bendungan I,,,,,1,0,0,0,0,0,0,0,0,0,0,0,0,0,0,0,0,0,0,0,1,0,0,0,,,,,0,,,,,,,,,,,,,,1,tidak_ada_info,0,0,0,tidak_ada_rating,0,0.0,2
11733317875,node,restaurant,Ikan Bakar Rica-rica khas Sulawesi,,-7.2377088,112.737766,Jalan Jembatan Merah,,,,,1,0,0,0,0,0,0,0,0,0,0,0,0,0,0,0,0,0,0,0,1,0,0,0,,,,,0,,,,,,,,,,,,,,1,tidak_ada_info,0,0,0,tidak_ada_rating,0,0.0,2
11733317877,node,restaurant,Idola Masakan Padang,,-7.2359664,112.7330242,Jalan Krembangan Besar,22a,,,,1,0,0,0,0,1,0,0,0,0,0,0,0,0,0,0,0,0,0,0,1,0,1,1,Mo-Su 09:00-16:00,,,,0,,,,,,,,,,,,,,2,minim,0,0,0,tidak_ada_rating,0,0.0,4
11733317880,node,restaurant,Soto Daging Jagaraga,,-7.2390942,112.7329748,Jalan Kalongan,,,,,1,0,0,0,0,0,0,0,0,0,0,0,0,0,0,0,0,0,0,0,1,0,0,0,,,,,0,,,,,,,,,,,,,,1,tidak_ada_info,0,0,0,tidak_ada_rating,0,0.0,2
11733317881,node,restaurant,Warung Reog,,-7.2328405,112.7355034,Jalan Penjara,,,,,1,0,0,0,0,0,0,0,0,0,0,0,0,0,0,0,0,0,0,0,1,0,0,0,,,,,0,,,,,,,,,,,,,,1,tidak_ada_info,0,0,0,tidak_ada_rating,0,0.0,2
11733317888,node,restaurant,Warung 3 Putri khas Madura,,-7.2297462,112.7455166,Jalan Nyamplungan IV,,,,,1,0,0,0,0,0,0,0,0,0,0,0,0,0,0,0,0,0,0,0,1,0,0,0,,,,,0,,,,,,,,,,,,,,1,tidak_ada_info,0,0,0,tidak_ada_rating,0,0.0,2
11733317978,node,restaurant,Warung Coto Makassar Manalagi,,-7.2351928,112.7341709,Jalan Rajawali,32,,,,1,0,0,0,0,1,0,0,0,0,0,0,0,0,0,0,0,0,0,0,1,0,0,1,Mo-Sa 10:00-16:00,,,,0,,,,,,,,,,,,,,2,minim,0,0,0,tidak_ada_rating,0,0.0,4
11733317992,node,restaurant,Aba Dulatip,,-7.226579,112.7457928,Jalan Nyamplungan,,,,,1,0,0,0,0,0,0,0,0,0,0,0,0,0,0,0,0,0,0,0,1,0,0,0,,,,,0,,,,,,,,,,,,,,1,tidak_ada_info,0,0,0,tidak_ada_rating,0,0.0,2
11733317993,node,restaurant,Warung Cak Adi Lamongan,,-7.2258626,112.7454002,Jalan Sultan Iskandar Muda,,,,,1,0,0,0,0,1,0,0,0,0,0,0,0,0,0,0,0,0,0,0,1,0,1,1,Mo-Su 17:00-22:00,,,,0,,,,,,,,,,,,,,2,minim,0,0,0,tidak_ada_rating,0,0.0,4
11733318069,node,restaurant,Soto Madura Spesial Tulang Iga,,-7.2407875,112.7338236,Jalan Krembangan Barat,3-C,,,,1,0,0,0,0,1,0,0,0,0,0,0,0,0,0,0,0,0,0,0,1,0,1,1,Mo-Su 06:00-12:00,,,,0,,,,,,,,,,,,,,2,minim,0,0,0,tidak_ada_rating,0,0.0,4
11733318071,node,restaurant,Ayam Pedesan Simbah,,-7.2391991,112.7341847,Jalan Krembangan Barat,,,,,1,0,0,0,0,0,0,0,0,0,0,0,0,0,0,0,0,0,0,0,1,0,0,0,,,,,0,,,,,,,,,,,,,,1,tidak_ada_info,0,0,0,tidak_ada_rating,0,0.0,2
11733318672,node,restaurant,Warung Sabar Mbak Ho,,-7.2343749,112.7322424,Jalan Pesapen,,,,,1,0,0,0,0,1,0,0,0,0,0,0,0,0,0,0,0,0,0,0,1,0,1,1,Mo-Su 10:00-16:00,,,,0,,,,,,,,,,,,,,2,minim,0,0,0,tidak_ada_rating,0,0.0,4
11733318677,node,restaurant,Pangsit Mie Ayam Tuban Pak Kayat,,-7.2438806,112.7362834,Jalan Indrapura,,,,,1,0,0,0,0,0,0,0,0,0,0,0,0,0,0,0,0,0,0,0,1,0,0,0,,,,,0,,,,,,,,,,,,,,1,tidak_ada_info,0,0,0,tidak_ada_rating,0,0.0,2
11733318678,node,restaurant,Warung 47 Fahriya,,-7.2396802,112.7342141,Jalan Gatotan,47,,,,1,0,0,0,0,0,0,0,0,0,0,0,0,0,0,0,0,0,0,0,1,0,0,0,,,,,0,,,,,,,,,,,,,,1,tidak_ada_info,0,0,0,tidak_ada_rating,0,0.0,2
11733318679,node,restaurant,Lontong Balap Rajawali,,-7.2357146,112.7350356,Jalan Rajawali,,,,,1,0,0,0,0,1,0,0,0,0,0,0,0,0,0,0,0,0,0,0,1,0,1,1,Mo-Su 06:00-16:00,,,,0,,,,,,,,,,,,,,2,minim,0,0,0,tidak_ada_rating,0,0.0,4
11733318683,node,restaurant,Bakwan Pak Di,,-7.2407711,112.7326583,Jalan Kalongan,,,,,1,0,0,0,0,1,0,0,0,0,0,0,0,0,0,0,0,0,0,0,1,0,0,1,Mo-Sa 10:00-15:00,,,,0,,,,,,,,,,,,,,2,minim,0,0,0,tidak_ada_rating,0,0.0,4
11733324469,node,restaurant,"Gorengan, martabak mie, warung Bik Fatimah",,-7.229557,112.7396587,Jalan Kalimas Madya IV,15,,,,1,0,0,0,0,0,0,0,0,0,0,0,0,0,0,0,0,0,0,0,1,0,0,0,,,,,0,,,,,,,,,,,,,,1,tidak_ada_info,0,0,0,tidak_ada_rating,0,0.0,2
11780266826,node,restaurant,kafe,,-7.2508021,112.7435526,,,,,,1,0,0,0,0,0,0,0,0,0,0,0,0,0,0,0,0,0,0,0,1,0,0,0,,,,,0,,,,,,,,,,,,,,1,tidak_ada_info,0,0,0,tidak_ada_rating,0,0.0,2
11865773501,node,restaurant,Ayam Goreng Citra Pemuda,,-7.289347,112.7754759,,,,,,1,0,0,0,0,0,0,0,0,0,0,0,0,0,0,0,0,0,0,0,1,0,0,0,,,,,0,,,,,,,,,,,,,,1,tidak_ada_info,0,0,0,tidak_ada_rating,0,0.0,2
11865773502,node,restaurant,Mie Toree,,-7.2893486,112.7755147,,,,,,1,0,0,0,0,0,0,0,0,0,0,0,0,0,0,0,0,0,0,0,1,0,0,0,,,,,0,,,,,,,,,,,,,,1,tidak_ada_info,0,0,0,tidak_ada_rating,0,0.0,2
11985085367,node,restaurant,Kartiko,,-7.2819804,112.6958802,,,,,,1,0,0,0,0,0,0,0,0,0,0,0,0,0,0,0,0,0,0,0,1,0,0,0,,,,,0,,,,,,,,,,,,,,1,tidak_ada_info,0,0,0,tidak_ada_rating,0,0.0,2
12012334872,node,restaurant,Kopi Tiam Kapuas Hulu,,-7.2715932,112.7453576,Jalan Kayon,,,,,1,1,0,0,1,0,0,0,0,0,0,0,0,0,0,0,0,0,0,0,1,0,0,0,,,,,0,,,,,,,,,,,,,,3,minim,1,0,0,tidak_ada_rating,0,0.0,6
12188380797,node,restaurant,Aneka Hidangan Nikmat Rasa,,-7.3215376,112.7455068,,,,,,1,0,0,0,0,0,0,0,0,0,0,0,0,0,0,0,0,0,0,0,1,0,0,0,,,,,0,,,,,,,,,,,,,,1,tidak_ada_info,0,0,0,tidak_ada_rating,0,0.0,2
12208552988,node,restaurant,Seribu Rempah,,-7.3175278,112.7501374,Margomulyo Indah,105,,,,1,0,0,0,0,0,0,0,0,0,0,0,0,0,0,0,0,0,0,0,1,0,0,0,,,,,0,,,,,,,,,,,,,,1,tidak_ada_info,0,0,0,tidak_ada_rating,0,0.0,2
12215189326,node,restaurant,Wizz Mie,,-7.2572171,112.737505,,,,,,1,0,0,0,0,0,0,0,0,0,0,0,0,0,0,0,0,0,0,0,1,0,0,0,,noodle,,,0,,,,,,,,,,,,,,1,tidak_ada_info,0,0,0,tidak_ada_rating,0,0.0,2
12215189335,node,restaurant,7 Stars,,-7.2588812,112.7383698,,,,,,1,0,0,0,0,0,0,0,0,0,0,0,0,0,0,0,0,0,0,0,1,0,0,0,,chinese,,,0,,,,,,,,,,,,,,1,tidak_ada_info,0,0,0,tidak_ada_rating,0,0.0,2
12215189336,node,restaurant,Locaāhands,,-7.2587566,112.7387256,,,,,,1,0,0,0,0,0,0,0,0,0,0,0,0,0,0,0,0,0,0,0,1,0,0,0,,,,,0,,,,,,,,,,,,,,1,tidak_ada_info,0,0,0,tidak_ada_rating,0,0.0,2
12215189339,node,restaurant,Seoul Bunsik,,-7.2593877,112.7387243,,,,,,1,0,0,0,0,0,0,0,0,0,0,0,0,0,0,0,0,0,0,0,1,0,0,0,,korean,,,0,,,,,,,,,,,,,,1,tidak_ada_info,0,0,0,tidak_ada_rating,0,0.0,2
12215189343,node,restaurant,Me Station,,-7.2597865,112.7389333,,,,,,1,0,0,0,0,0,0,0,0,0,0,0,0,0,0,0,0,0,0,0,1,0,0,0,,american,,,0,,,,,,,,,,,,,,1,tidak_ada_info,0,0,0,tidak_ada_rating,0,0.0,2
12215189344,node,restaurant,Ikiwae,,-7.259986,112.7390417,,,,,,1,0,0,0,0,0,0,0,0,0,0,0,0,0,0,0,0,0,0,0,1,0,0,0,,noodle,,,0,,,,,,,,,,,,,,1,tidak_ada_info,0,0,0,tidak_ada_rating,0,0.0,2
12215189346,node,restaurant,Ngastina,,-7.2601014,112.7390973,,,,,,1,0,0,0,0,0,0,0,0,0,0,0,0,0,0,0,0,0,0,0,1,0,0,0,,indonesian;javanese,,,0,,,,,,,,,,,,,,1,tidak_ada_info,0,0,0,tidak_ada_rating,0,0.0,2
12215189347,node,restaurant,Coba Pho,,-7.2600647,112.7390139,,,,,,1,0,0,0,0,0,0,0,0,0,0,0,0,0,0,0,0,0,0,0,1,0,0,0,,vietnamese,,,0,,,,,,,,,,,,,,1,tidak_ada_info,0,0,0,tidak_ada_rating,0,0.0,2
12215189349,node,restaurant,,,-7.2595714,112.7399213,,,,,,0,0,0,0,0,0,0,0,0,0,0,0,0,0,0,0,0,0,0,0,1,0,0,0,,,,,0,,,,,,,,,,,,,,0,tidak_ada_info,0,0,0,tidak_ada_rating,0,0.0,0
12215189354,node,restaurant,Indigo,,-7.2605095,112.7397864,,,,,,1,0,0,0,0,0,0,0,0,0,0,0,0,0,0,0,0,0,0,0,1,0,0,0,,,,,0,,,,,,,,,,,,,,1,tidak_ada_info,0,0,0,tidak_ada_rating,0,0.0,2
12273429775,node,restaurant,Rawon Kalkulator,,-7.2918613,112.7402376,,,,,,1,0,0,0,0,0,0,0,0,0,0,0,0,0,0,0,0,0,0,0,1,0,0,0,,,,,0,,,,,,,,,,,,,,1,tidak_ada_info,0,0,0,tidak_ada_rating,0,0.0,2
12277996399,node,restaurant,Soto Ayam Kampung Pak Djayus,,-7.2541754,112.7824177,,,,,,1,0,0,0,0,0,0,0,0,0,0,0,0,0,0,0,0,0,0,0,1,0,0,0,,,,,0,,,,,,,,,,,,,,1,tidak_ada_info,0,0,0,tidak_ada_rating,0,0.0,2
12278713975,node,restaurant,Sate Ayam Ponorogo Pak Seger Asli,,-7.2799615,112.7560143,,,,,,1,0,0,0,0,0,0,0,0,0,0,0,0,0,0,0,0,0,0,0,1,0,0,0,,sate,,,0,,,,,,,,,,,,,,1,tidak_ada_info,0,0,0,tidak_ada_rating,0,0.0,2
12281742623,node,restaurant,Bakso So'un & Mie Ayam,,-7.2592988,112.7315849,,,,,,1,0,0,0,0,0,0,0,0,0,0,0,0,0,0,0,0,0,0,0,1,0,0,0,,,,,0,,,,,,,,,,,,,,1,tidak_ada_info,0,0,0,tidak_ada_rating,0,0.0,2
12289369157,node,restaurant,bebek Sinjay,,-7.2597704,112.744217,,,,,,1,0,0,0,0,0,0,0,0,0,0,0,0,0,0,0,0,0,0,0,1,0,0,0,,,,,0,,,,,,,,,,,,,,1,tidak_ada_info,0,0,0,tidak_ada_rating,0,0.0,2
12320484313,node,restaurant,Buka Baju,,-7.2959176,112.6543016,,,,,,1,0,0,0,0,0,0,0,0,0,0,0,0,0,0,0,0,0,0,0,1,0,0,0,,,,,0,,,,,,,,,,,,,,1,tidak_ada_info,0,0,0,tidak_ada_rating,0,0.0,2
12438591341,node,restaurant,Solaria,,-7.2486678,112.7308048,"Pasar Turi, Jl. Semarang Lantai Desar, Tembok Dukuh, kec, Bubutan, Surabaya, 60173",1,,,,1,0,1,0,0,0,0,0,0,0,0,0,0,0,0,0,0,0,0,0,1,0,0,0,,,,,0,,,,,,,,,,,,,,2,minim,1,0,0,tidak_ada_rating,0,0.0,4
12511987101,node,restaurant,Warung Sambel Tongkol Mbak Ju,,-7.3017003,112.7378574,"DTC Wonokromo, Jl Jagir Wonokromo",LT 1,,,60244,1,0,0,0,0,1,0,0,0,0,0,0,0,0,0,0,0,0,0,0,1,0,0,1,Mo-Sa 10:00-16:00,indonesian,,,0,,,,,,,,,,,,,,2,minim,0,0,0,tidak_ada_rating,0,0.0,4
12655819781,node,restaurant,Hakata Ikkousha Surabaya,,-7.2795211,112.6834602,Jalan Raya Darmo Permai Selatan,22,,,60225,1,0,0,0,0,1,0,1,0,0,1,0,0,0,0,0,0,0,0,0,1,0,1,1,Mo-Su 11:00-22:00,japanese;ramen,,,0,,,,,,,,,,,,,,4,minim,0,0,0,tidak_ada_rating,0,0.0,8
12902684499,node,restaurant,Cafe Goede,,-7.2770046,112.8054411,,,,,,1,1,0,0,0,0,0,0,0,0,0,0,0,0,0,0,0,0,0,0,1,0,0,0,,coffee_shop;burger;pizza,,,0,,,,,,,,,,,,,,2,minim,0,0,0,tidak_ada_rating,0,0.0,4
13003699002,node,restaurant,Bakso Prasmanan,,-7.2870705,112.6978704,"Jl. Raya Putat Gede No.17, Putat Gede, Kec. Sukomanunggal, Surabaya, Jawa Timur",,,,60226,1,0,0,0,0,1,0,0,0,0,0,0,0,0,0,0,0,0,0,0,1,0,1,1,Mo-Su 10:30-20:30,indonesian,,,0,,,,,,,,,,,,,,2,minim,0,0,0,tidak_ada_rating,0,0.0,4
13128246701,node,restaurant,Airlangga Eatery,,-7.2686621,112.7856865,,,,,,1,0,0,0,0,0,0,0,0,0,0,0,0,0,0,0,0,0,0,0,1,0,0,0,,,,,0,,,,,,,,,,,,,,1,tidak_ada_info,0,0,0,tidak_ada_rating,0,0.0,2
13128246801,node,restaurant,Kantin Gor Kampus C,,-7.2646272,112.7849681,,,,,,1,0,0,0,0,0,0,0,0,0,0,0,0,0,0,0,0,0,0,0,1,0,0,0,,,,,0,,,,,,,,,,,,,,1,tidak_ada_info,0,0,0,tidak_ada_rating,0,0.0,2
13334413612,node,restaurant,Pigmalion,,-7.279955,112.7883857,,,,,,1,0,0,0,0,0,0,0,0,0,0,0,0,0,0,0,1,0,0,0,1,0,0,0,,indonesian,,,0,,,,,,,,,,,,,,1,tidak_ada_info,0,0,0,tidak_ada_rating,0,0.0,2
13334413613,node,restaurant,Kyuka Ramen,,-7.2800295,112.7879016,,,,,,1,0,0,0,0,0,0,0,0,0,0,0,0,0,0,0,0,0,0,0,1,0,0,0,,ramen,,,0,,,,,,,,,,,,,,1,tidak_ada_info,0,0,0,tidak_ada_rating,0,0.0,2
13373928601,node,restaurant,KEBON KOTA,,-7.3127817,112.7050596,,,,,,1,0,0,0,0,0,0,0,0,0,0,0,0,0,0,0,0,0,0,0,1,0,0,0,,,,,0,,,,,,,,,,,,,,1,tidak_ada_info,0,0,0,tidak_ada_rating,0,0.0,2
13420006785,node,restaurant,Tahu Keraton,,-7.2550377,112.7443229,,,,,,1,0,0,0,0,1,0,0,0,0,0,0,0,0,0,0,0,0,0,0,1,0,0,1,We-Mo 09:30-19:30,,,,0,,,,,,,,,,,,,,2,minim,0,0,0,tidak_ada_rating,0,0.0,4
13609191501,node,restaurant,Sambang Cafe & Eatery,,-7.2614035,112.747853,,,,,,1,0,0,0,0,0,0,0,0,0,0,0,0,0,0,0,0,0,0,0,1,0,0,0,,,,,0,,,,,,,,,,,,,,1,tidak_ada_info,0,0,0,tidak_ada_rating,0,0.0,2
13732876701,node,restaurant,Warung Kuning Bu lily,,-7.2319439,112.7343926,,,,,,1,0,0,0,0,0,0,0,0,0,0,0,0,0,0,0,0,0,0,0,1,0,0,0,,,,,0,,,,,,,,,,,,,,1,tidak_ada_info,0,0,0,tidak_ada_rating,0,0.0,2
13732877001,node,restaurant,Mie Ayam,,-7.2327328,112.7354936,,,,,,1,0,0,0,0,0,0,0,0,0,0,0,0,0,0,0,0,0,0,0,1,0,0,0,,,,,0,,,,,,,,,,,,,,1,tidak_ada_info,0,0,0,tidak_ada_rating,0,0.0,2
184586688,way,restaurant,Dapur Desa,,-7.2675358,112.7409262,,,,,,1,0,0,0,0,0,0,0,0,0,0,0,0,0,0,0,0,0,0,0,1,0,0,0,,,,,0,,,,,,,,,,,,,,1,tidak_ada_info,0,0,0,tidak_ada_rating,0,0.0,2
184885898,way,restaurant,Aria Centra Hotel,,-7.2676744,112.7434846,,,,,,1,0,0,0,0,0,0,0,0,0,0,0,0,0,0,0,0,0,0,0,1,0,0,0,,french,,,0,,,,,,,,,,,,,,1,tidak_ada_info,0,0,0,tidak_ada_rating,0,0.0,2
307349669,way,restaurant,Tasty Resto,,-7.2700806,112.7604459,,,,,,1,0,0,0,0,0,0,0,0,0,0,0,0,0,0,0,0,0,0,0,1,0,0,0,,,,,0,,,,,,,,,,,,,,1,tidak_ada_info,0,0,0,tidak_ada_rating,0,0.0,2
311061594,way,restaurant,warkob imanuel,,-7.2681528,112.7400009,,,,,,1,0,0,0,0,1,0,1,0,0,0,0,0,0,0,0,0,0,0,0,1,0,0,1,"08:30-12:30,15:30-20:00",japanese,,,1,,,,,,,,,,,,,,3,minim,0,0,0,tidak_ada_rating,0,0.0,6
317191730,way,restaurant,Agis,,-7.3383111,112.7150155,Wisma Pagesangan,197,,,,1,1,0,0,0,0,0,0,0,0,0,0,0,0,0,0,0,0,0,0,1,0,0,0,,indonesian,,,0,,,,,,,,,,,,,,2,minim,0,0,0,tidak_ada_rating,0,0.0,4
320183241,way,restaurant,Wapo Restaurant,,-7.270359,112.7602651,Jalan Airlangga,43,,,,1,1,0,0,1,1,0,0,0,0,1,0,0,1,0,0,0,0,0,0,1,0,1,1,Mo-Su 11:30-22:00,,,,0,,,,,,,,,,,,,,5,cukup_lengkap,1,0,1,tidak_ada_rating,0,0.0,10
344252613,way,restaurant,Hanamasa,,-7.2658592,112.7514727,Jalan Kusuma Bangsa,,,,,1,0,0,0,0,0,0,0,0,0,0,0,0,0,0,0,0,0,0,0,1,0,0,0,,japanese,,,0,,,,,,,,,,,,,,1,tidak_ada_info,0,0,0,tidak_ada_rating,0,0.0,2
344252615,way,restaurant,Gubeng Pojok,,-7.2664,112.7519197,Jalan Gubeng,,,,,1,0,0,0,0,0,0,0,0,0,0,0,0,0,0,0,0,0,0,0,1,0,0,0,,regional,,,0,,,,,,,,,,,,,,1,tidak_ada_info,0,0,0,tidak_ada_rating,0,0.0,2
423463937,way,restaurant,Warung Leko,,-7.2775471,112.7660574,Jl. Manyar Kertoarjo,No.19,,,60285,1,0,0,0,0,0,0,0,0,0,0,0,0,0,0,0,0,0,0,0,1,0,0,0,,,,,0,,,,,,,,,,,,,,1,tidak_ada_info,0,0,0,tidak_ada_rating,0,0.0,2
428982729,way,restaurant,Nur Pacific,,-7.2726319,112.7481711,Jl. Raya Gubeng,37,,,60281,1,0,0,0,0,0,0,0,0,0,0,0,0,0,0,0,0,0,0,0,1,0,0,0,,,,,0,,,,,,,,,,,,,,1,tidak_ada_info,0,0,0,tidak_ada_rating,0,0.0,2
429000282,way,restaurant,Loving Hut,Loving Hut,-7.2757299,112.7492058,Jalan Sumbawa,37,,,60281,1,0,0,0,0,0,0,0,0,0,0,0,1,0,0,0,0,0,0,0,1,0,0,0,,international,,,0,,,,,,,,,,,,,,1,tidak_ada_info,0,0,0,tidak_ada_rating,0,0.0,2
435125361,way,restaurant,Daun Hijau,,-7.2801863,112.742203,,,,,,1,0,0,0,0,0,0,0,0,0,0,0,0,0,0,0,0,0,0,0,1,0,0,0,,Javanese,,,0,,,,,,,,,,,,,,1,tidak_ada_info,0,0,0,tidak_ada_rating,0,0.0,2
446960580,way,restaurant,Sederhana,,-7.2810033,112.7812119,,,,,,1,0,0,0,0,0,0,0,0,0,0,0,0,0,0,0,0,0,0,0,1,0,0,0,,,,,0,,,,,,,,,,,,,,1,tidak_ada_info,0,0,0,tidak_ada_rating,0,0.0,2
448088350,way,restaurant,Dedew'S Box,,-7.2647254,112.7604827,Jalan Kedung Sroko,,,,60285,1,0,0,0,0,0,0,0,0,0,0,0,0,0,0,0,0,0,0,0,1,0,0,0,,,,,0,,,,,,,,,,,,,,1,tidak_ada_info,0,0,0,tidak_ada_rating,0,0.0,2
448090317,way,restaurant,Depot Pak Slamet,,-7.2661958,112.7563807,Dharmawangsa,,,,,1,0,0,0,0,0,0,0,0,0,0,0,0,1,1,0,0,0,0,0,1,0,0,0,,,,,0,,,,,,,,,,,,,,1,tidak_ada_info,0,0,1,tidak_ada_rating,0,0.0,2
448479226,way,restaurant,Wisata Kuliner Bratang Binangun,,-7.2970511,112.7601369,,,,,,1,0,0,0,0,0,0,0,0,0,0,0,0,0,0,0,0,0,0,0,1,0,0,0,,,,,0,,,,,,,,,,,,,,1,tidak_ada_info,0,0,0,tidak_ada_rating,0,0.0,2
449209554,way,restaurant,Boncafe Steak & Ice Cream,,-7.2773654,112.7660743,Jl. Manyar Kertoarjo V No. 1-5,,,,60285,1,0,0,0,0,0,0,0,0,0,0,0,0,0,0,0,0,0,0,0,1,0,0,0,,,,,0,,,,,,,,,,,,,,1,tidak_ada_info,0,0,0,tidak_ada_rating,0,0.0,2
451501990,way,restaurant,Bakso & Pangsit Mie 3 Raja,,-7.3348662,112.7760344,,,,,,1,0,0,0,0,0,0,0,0,0,0,0,0,0,0,0,0,0,0,0,1,0,0,0,,,,,0,,,,,,,,,,,,,,1,tidak_ada_info,0,0,0,tidak_ada_rating,0,0.0,2
455675282,way,restaurant,Mie Gacoan,,-7.3307068,112.7300235,,,,,,1,0,0,0,0,0,0,0,0,0,0,0,0,0,0,0,0,0,0,0,1,0,0,0,,noodle,,,0,,,,,,,,,,,,,,1,tidak_ada_info,0,0,0,tidak_ada_rating,0,0.0,2
455675289,way,restaurant,Ayam Bakar Primarasa,,-7.3301642,112.7303012,,,,,,1,0,0,0,0,0,0,0,0,0,0,0,0,0,0,0,0,0,0,0,1,0,0,0,,chicken,,,0,,,,,,,,,,,,,,1,tidak_ada_info,0,0,0,tidak_ada_rating,0,0.0,2
458005429,way,restaurant,Pecel Bukus,,-7.3048586,112.7592552,,,,,,1,0,0,0,0,0,0,0,0,0,0,0,0,0,0,0,0,0,0,0,1,0,0,0,,,,,0,,,,,,,,,,,,,,1,tidak_ada_info,0,0,0,tidak_ada_rating,0,0.0,2
459928329,way,restaurant,Bakso Pak Djo,,-7.3380053,112.7753507,,,,,,1,0,0,0,0,0,0,0,0,0,0,0,0,0,0,0,0,0,0,0,1,0,0,0,,,,,0,,,,,,,,,,,,,,1,tidak_ada_info,0,0,0,tidak_ada_rating,0,0.0,2
459928621,way,restaurant,Warung Bu Andrik,,-7.3386362,112.7752261,,,,,,1,0,0,0,0,0,0,0,0,0,0,0,0,0,0,0,0,0,0,0,1,0,0,0,,,,,0,,,,,,,,,,,,,,1,tidak_ada_info,0,0,0,tidak_ada_rating,0,0.0,2
460456490,way,restaurant,Michael Tj Gelato,,-7.3206883,112.7621831,,,,,,1,0,0,0,0,0,0,0,0,0,0,0,0,0,0,0,0,0,0,0,1,0,0,0,,,,,0,,,,,,,,,,,,,,1,tidak_ada_info,0,0,0,tidak_ada_rating,0,0.0,2
462041078,way,restaurant,Mie Gacoan,Mie Gacoan,-7.3112737,112.6831468,,,,,,1,0,0,0,0,0,0,0,0,0,0,0,0,0,0,0,0,0,0,0,1,0,0,0,,noodle,,,0,,,,,,,,,,,,,,1,tidak_ada_info,0,0,0,tidak_ada_rating,0,0.0,2
463594306,way,restaurant,Cocari Japanese Resto,,-7.2895758,112.731382,Jl. Indragiri,No.20,,,60241,1,0,0,0,0,0,0,0,0,0,0,0,0,0,0,0,0,0,0,0,1,0,0,0,,,,,0,,,,,,,,,,,,,,1,tidak_ada_info,0,0,0,tidak_ada_rating,0,0.0,2
463599854,way,restaurant,Ikan Bakar Cianjur,,-7.2902551,112.7316838,indragiri,,,,,1,0,0,0,0,0,0,0,0,0,0,0,0,0,0,0,0,0,0,0,1,0,0,0,,Javanese,,,0,,,,,,,,,,,,,,1,tidak_ada_info,0,0,0,tidak_ada_rating,0,0.0,2
473528422,way,restaurant,Bakwan Dempo Asli,Bakwan Dempo,-7.2606668,112.7239709,Jalan Dempo,17,,,,1,1,0,0,0,0,0,0,0,0,0,0,0,1,0,0,1,0,0,0,1,0,0,0,,,45,,0,,,,,,,,,,,,,,2,minim,0,0,1,tidak_ada_rating,0,0.0,4
640531452,way,restaurant,Pizza Hut,Pizza Hut,-7.264395,112.7424633,,,,,,1,0,0,0,0,0,0,1,0,0,0,0,0,1,0,0,0,0,0,0,1,0,0,0,,pizza,,,0,,,,,,,,,,,,,,2,minim,0,0,1,tidak_ada_rating,0,0.0,4
692628753,way,restaurant,KFC,KFC,-7.2895969,112.7459968,,,,,,1,0,0,0,0,0,0,0,0,0,0,0,0,1,0,0,0,0,0,0,1,0,0,0,,chicken,,,0,,,,,,,,,,,,,,1,tidak_ada_info,0,0,1,tidak_ada_rating,0,0.0,2
1248998595,way,restaurant,De Mandailing,,-7.3225309,112.7422751,Jalan Raya Jemursari,71,,,60237,1,1,1,0,0,1,0,0,0,0,0,0,0,0,0,0,0,0,0,0,1,0,1,1,Mo-Su 10:00-22:00,asian;american,,,0,,,,,,,,,,,,,,4,minim,1,0,0,tidak_ada_rating,0,0.0,8
1325600120,way,restaurant,,,-7.2953531,112.6760447,,,,,,0,0,0,0,0,0,0,0,0,0,0,0,0,0,0,0,0,0,0,0,1,0,0,0,,,,,0,,,,,,,,,,,,,,0,tidak_ada_info,0,0,0,tidak_ada_rating,0,0.0,0
1374452212,way,restaurant,Pizza Hut,Pizza Hut,-7.3112506,112.6829544,,,,,,1,0,0,0,0,0,0,0,0,0,0,0,0,0,0,0,0,0,0,0,1,0,0,0,,pizza,,,0,,,,,,,,,,,,,,1,tidak_ada_info,0,0,0,tidak_ada_rating,0,0.0,2
1374452218,way,restaurant,Laoban,,-7.310171,112.6776873,,,,,,1,0,0,0,0,0,0,0,0,0,0,0,0,0,0,0,0,0,0,0,1,0,0,0,,chinese,,,0,,,,,,,,,,,,,,1,tidak_ada_info,0,0,0,tidak_ada_rating,0,0.0,2
415826789,node,cafe,Cafe Glass,,-7.2661303,112.7646912,,,,,,1,0,0,0,0,0,0,0,0,0,0,0,0,0,0,0,0,0,0,0,1,0,0,0,,,,,0,,,,,,,,,,,,,,1,tidak_ada_info,0,0,0,tidak_ada_rating,0,0.0,2
1340818669,node,cafe,Bon Cafe,,-7.2957078,112.6760649,,,,,,1,0,1,0,0,1,0,0,0,0,0,0,0,0,0,0,0,0,0,0,1,0,1,1,Mo-Su 09:00-22:30,steak_house,,,0,,,,,,,,,,,,,,3,minim,1,0,0,tidak_ada_rating,0,0.0,6
2633385707,node,cafe,Warkop Nobar,,-7.2531434,112.6447475,,,,,60198,1,0,0,0,0,1,0,0,0,0,0,0,0,0,0,0,0,0,0,0,1,0,0,1,16:00-02:00,"kopi,_teh,_juice, coklat, roti bakar, dll",,,0,,,,,,,,,,,,,,2,minim,0,0,0,tidak_ada_rating,0,0.0,4
3317227635,node,cafe,The Café,,-7.2310091,112.7344491,,,,,,1,0,1,0,0,1,0,0,0,0,0,0,0,0,0,0,0,0,0,0,1,0,1,1,Mo-Su 11:00-21:00,international,,,0,,,,,,,,,,,,,,3,minim,1,0,0,tidak_ada_rating,0,0.0,6
3953125335,node,cafe,Starbucks,Starbucks,-7.2621634,112.7504732,,,,,,1,0,0,0,0,0,0,1,0,0,0,0,0,1,0,0,0,0,0,0,1,0,0,0,,coffee_shop,,,0,,,,,,,,,,,,,,2,minim,0,0,1,tidak_ada_rating,0,0.0,4
4188606200,node,cafe,K1 Karaoke Lounge,,-7.242816,112.7413808,Jalan Stasiun Kota,,,,60161,1,0,0,0,0,0,0,0,0,0,0,0,0,0,0,0,0,0,0,0,1,0,0,0,,,,,0,,,,,,,,,,,,,,1,tidak_ada_info,0,0,0,tidak_ada_rating,0,0.0,2
4188777124,node,cafe,High Point Cafe Speciality,,-7.337004,112.7388901,Jalan Siwalankerto,Nomor 161-165,,,60236,1,0,0,0,0,0,0,0,0,0,0,0,0,0,0,0,0,0,0,0,1,0,0,0,,,,,0,,,,,,,,,,,,,,1,tidak_ada_info,0,0,0,tidak_ada_rating,0,0.0,2
4188778818,node,cafe,Historica Coffee & Pastry,,-7.2694972,112.7494463,Jalan Sumatera,Nomor 40,,,60281,1,0,0,0,0,0,0,0,0,0,0,0,0,0,0,0,0,0,0,0,1,0,0,0,,,,,0,,,,,,,,,,,,,,1,tidak_ada_info,0,0,0,tidak_ada_rating,0,0.0,2
4188865096,node,cafe,Kedai kopi SINGGALANG,,-7.2492813,112.7307395,Jl. Semarang,1,,,64412,1,0,0,0,0,0,0,0,0,0,0,0,0,0,0,0,0,0,0,0,1,0,0,0,,,,,0,,,,,,,,,,,,,,1,tidak_ada_info,0,0,0,tidak_ada_rating,0,0.0,2
4189063901,node,cafe,Autonet,,-7.2819951,112.7425595,Jalan Mojopahit,,,,60265,1,0,0,0,0,0,0,0,0,0,0,0,0,0,0,0,0,0,0,0,1,0,0,0,,,,,0,,,,,,,,,,,,,,1,tidak_ada_info,0,0,0,tidak_ada_rating,0,0.0,2
4189279554,node,cafe,Konig,,-7.2818933,112.7762419,Jalan Kertajaya Indah Tengah V,411,,,60115,1,0,0,0,0,0,0,0,0,0,0,0,0,0,0,0,0,0,0,0,1,0,0,0,,,,,0,,,,,,,,,,,,,,1,tidak_ada_info,0,0,0,tidak_ada_rating,0,0.0,2
4190997489,node,cafe,Kudos Cafe,,-7.294822,112.6751715,Jalan Boulevard Indah,,,,60241,1,1,1,0,0,1,0,1,0,0,0,0,0,0,0,0,0,0,0,0,1,0,1,1,Mo-Th 08:00-22:00; Fr-Su 08:00-23:00,,,,0,,,,,,,,,,,,,,5,cukup_lengkap,1,0,0,tidak_ada_rating,0,0.0,10
4191048384,node,cafe,Sapi Milk,,-7.2948767,112.7625001,Jalan Raya Manyar,No.53D,,,60118,1,0,0,0,0,0,0,0,0,0,0,0,0,0,0,0,0,0,0,0,1,0,0,0,,,,,0,,,,,,,,,,,,,,1,tidak_ada_info,0,0,0,tidak_ada_rating,0,0.0,2
4191074244,node,cafe,Layali Shisha Cafe and Lounge,,-7.2692876,112.7506084,Jalan Sumatra,31,,,60281,1,0,0,0,0,0,0,0,0,0,0,0,0,0,0,0,0,0,0,0,1,0,0,0,,,,,0,,,,,,,,,,,,,,1,tidak_ada_info,0,0,0,tidak_ada_rating,0,0.0,2
4191092612,node,cafe,Blackbarn Coffee,,-7.2848049,112.736194,Jl. Untung Suropati,No.79,,,60264,1,0,0,0,0,0,0,0,0,0,0,0,0,0,0,0,0,0,0,0,1,0,0,0,,,,,0,,,,,,,,,,,,,,1,tidak_ada_info,0,0,0,tidak_ada_rating,0,0.0,2
4191121303,node,cafe,Le Cafe Gourmand,,-7.2661781,112.7399656,Jalan Pregolan,2,,,60262,1,1,0,0,0,1,0,1,0,0,0,0,0,0,0,0,0,0,0,0,1,0,1,1,Mo-Su 08:00-22:00,sandwich;breakfast;ice_cream;cake;coffee_shop,,,0,,,,,,,,,,,,,,4,minim,0,0,0,tidak_ada_rating,0,0.0,8
4191144649,node,cafe,Libby cafe,,-7.2696212,112.6967882,Jalan Sukomanunggal Jaya Blok YL,2,,,60184,1,0,0,0,0,0,0,0,0,0,0,0,0,0,0,0,0,0,0,0,1,0,0,0,,,,,0,,,,,,,,,,,,,,1,tidak_ada_info,0,0,0,tidak_ada_rating,0,0.0,2
4191179831,node,cafe,Cafe Glass,,-7.3037377,112.7618885,Jl. Raya Nginden No.72-A,,,,60284,1,0,0,0,0,0,0,0,0,0,0,0,0,0,0,0,0,0,0,0,1,0,0,0,,,,,0,,,,,,,,,,,,,,1,tidak_ada_info,0,0,0,tidak_ada_rating,0,0.0,2
4191188521,node,cafe,Calibre,,-7.2611565,112.7488027,Jalan Walikota Mustajab,67 - 69,,,60272,1,1,0,0,1,1,0,1,0,0,0,0,1,1,0,0,1,0,0,0,1,0,1,1,Su-Th 10:00-22:00; Fr-Sa 10:00-23:30,savory_pancakes;tea;cake;pasta;pancake;sandwich;breakfast;international;coffee_shop,,,1,,,,,,,,,,,,,,5,cukup_lengkap,1,0,1,tidak_ada_rating,0,0.0,10
4191236894,node,cafe,Caturra Espresso,,-7.2583456,112.7294178,Jalan Anjasmoro,,,,60251,1,0,0,0,0,0,0,0,0,0,0,0,0,0,0,0,0,0,0,0,1,0,0,0,,,,,0,,,,,,,,,,,,,,1,tidak_ada_info,0,0,0,tidak_ada_rating,0,0.0,2
4191388843,node,cafe,Coffeezone,,-7.2837039,112.7414089,Jl. Tumapael 33,,,,60265,1,0,0,0,0,0,0,0,0,0,0,0,0,0,0,0,0,0,0,0,1,0,0,0,,,,,0,,,,,,,,,,,,,,1,tidak_ada_info,0,0,0,tidak_ada_rating,0,0.0,2
4191391086,node,cafe,Coffee Toffee,,-7.2868818,112.7757162,Jl. Klampis Jaya,,,,60117,1,0,0,0,0,0,0,0,0,0,0,0,0,0,0,0,0,0,0,0,1,0,0,0,,,,,0,,,,,,,,,,,,,,1,tidak_ada_info,0,0,0,tidak_ada_rating,0,0.0,2
4191427580,node,cafe,Communal,,-7.2821635,112.7762654,Jalan Kertajaya Indah Tengah,No. 24,,,60115,1,0,0,0,0,0,0,0,0,0,0,0,0,0,0,0,0,0,0,0,1,0,0,0,,,,,0,,,,,,,,,,,,,,1,tidak_ada_info,0,0,0,tidak_ada_rating,0,0.0,2
4192739036,node,cafe,Monopole Coffee Lab,,-7.2828406,112.694808,Jl. Raya Darmo Permai I,38,,,60226,1,0,0,0,0,0,0,0,0,0,0,0,0,0,0,0,0,0,0,0,1,0,0,0,,,,,0,,,,,,,,,,,,,,1,tidak_ada_info,0,0,0,tidak_ada_rating,0,0.0,2
4192761149,node,cafe,Starbucks,Starbucks,-7.32027,112.7325051,Jalan Ahmad Yani,No. 88,,,60231,1,0,0,0,0,0,0,0,0,0,0,0,0,1,0,0,0,0,0,0,1,0,0,0,,coffee_shop,,,0,,,,,,,,,,,,,,1,tidak_ada_info,0,0,1,tidak_ada_rating,0,0.0,2
4192765244,node,cafe,Starbucks,Starbucks,-7.2744901,112.7820139,Jl. Dr. Ir. H. Soekarno,No.35-39,,,60115,1,0,0,0,0,0,0,0,0,0,0,0,0,1,0,0,0,0,0,0,1,0,0,0,,coffee_shop,,,0,,,,,,,,,,,,,,1,tidak_ada_info,0,0,1,tidak_ada_rating,0,0.0,2
4192766545,node,cafe,Starbucks,Starbucks,-7.2926634,112.7188218,JL. Mayor Jenderal Sungkono,No. 87,,,60225,1,0,0,0,0,0,0,0,0,0,0,0,0,1,0,0,0,0,0,0,1,0,0,0,,coffee_shop,,,0,,,,,,,,,,,,,,1,tidak_ada_info,0,0,1,tidak_ada_rating,0,0.0,2
4192769085,node,cafe,Stilrod Cycle Shop,,-7.293055,112.7394879,Jl. Juwono,No.2,,,60241,1,0,0,0,0,0,0,0,0,0,0,0,0,0,0,0,0,0,0,0,1,0,0,0,,,,,0,,,,,,,,,,,,,,1,tidak_ada_info,0,0,0,tidak_ada_rating,0,0.0,2
4192787118,node,cafe,STMJ Bu Nunuk Pojok Ngagel,,-7.2944924,112.7461441,Jl. Ngagel Redjo,,,,60245,1,0,0,0,0,0,0,0,0,0,0,0,0,0,0,0,0,0,0,0,1,0,0,0,,,,,0,,,,,,,,,,,,,,1,tidak_ada_info,0,0,0,tidak_ada_rating,0,0.0,2
4192912669,node,cafe,Surabaya CAFÈ,,-7.2654319,112.7527206,Jl. Gubeng Masjid,No.2,,,60131,1,0,0,0,0,0,0,0,0,0,0,0,0,0,0,0,0,0,0,0,1,0,0,0,,,,,0,,,,,,,,,,,,,,1,tidak_ada_info,0,0,0,tidak_ada_rating,0,0.0,2
4193058429,node,cafe,Excelso,,-7.2763121,112.7818725,"Galaxy Mall - Management - Office Lantai I No. 112, JL. Dharma Husada Indah Timur, No. 37",,,,60115,1,0,0,0,0,0,0,0,0,0,0,0,0,0,0,0,0,0,0,0,1,0,0,0,,,,,0,,,,,,,,,,,,,,1,tidak_ada_info,0,0,0,tidak_ada_rating,0,0.0,2
4193096146,node,cafe,Feliz Guest House & Cafe,,-7.3219722,112.7463631,Jl. Raya Kendangsari,No.80,,,60237,1,0,0,0,0,0,0,0,0,0,0,0,0,0,0,0,0,0,0,0,1,0,0,0,,,,,0,,,,,,,,,,,,,,1,tidak_ada_info,0,0,0,tidak_ada_rating,0,0.0,2
4193187205,node,cafe,Teras Rumah Cafe,,-7.2737522,112.7954887,Jl. Wisma Permai 1,,,,60115,1,0,0,0,0,0,0,0,0,0,0,0,0,0,0,0,0,0,0,0,1,0,0,0,,,,,0,,,,,,,,,,,,,,1,tidak_ada_info,0,0,0,tidak_ada_rating,0,0.0,2
4193209039,node,cafe,The Coffee Bean & Tea Leaf,The Coffee Bean & Tea Leaf,-7.2930433,112.719656,JL. Mayjend Sungkono,,,,60225,1,0,0,0,0,0,0,0,0,0,0,0,0,1,0,0,0,0,0,0,1,0,0,0,,coffee_shop,,,0,,,,,,,,,,,,,,1,tidak_ada_info,0,0,1,tidak_ada_rating,0,0.0,2
4193358660,node,cafe,Too Too Moo Patisserie,,-7.2840504,112.7360311,Jl. Untung Suropati,No.63,,,60264,1,0,0,0,0,0,0,0,0,0,0,0,0,0,0,0,0,0,0,0,1,0,0,0,,,,,0,,,,,,,,,,,,,,1,tidak_ada_info,0,0,0,tidak_ada_rating,0,0.0,2
4212997992,node,cafe,Kopi Ganes,,-7.2876459,112.8040771,,,,,,1,0,0,0,0,0,0,1,0,0,0,0,0,0,0,0,0,0,0,0,1,0,0,0,,american,,,0,,,,,,,,,,,,,,2,minim,0,0,0,tidak_ada_rating,0,0.0,4
4260123796,node,cafe,"Zangrandi, Ice Cream",,-7.2635031,112.7460796,Jalan Yos Sudarso,15,,,60271,1,0,0,0,0,0,0,0,0,0,0,0,0,0,0,0,0,0,0,0,1,0,0,0,,,,,0,,,,,,,,,,,,,,1,tidak_ada_info,0,0,0,tidak_ada_rating,0,0.0,2
4260125476,node,cafe,The Avenue Lounge Bar,,-7.2914353,112.7155623,Jalan Mayjend. Sungkono,101 - 103,,,60256,1,0,0,0,0,0,0,0,0,0,0,0,0,0,0,0,0,0,0,0,1,0,0,0,,,,,0,,,,,,,,,,,,,,1,tidak_ada_info,0,0,0,tidak_ada_rating,0,0.0,2
4260137173,node,cafe,Kedai Kopi (Keiko),,-7.2858843,112.7759749,Jl. Klampis Jaya,25 C,,,60117,1,0,0,0,0,0,0,0,0,0,0,0,0,0,0,0,0,0,0,0,1,0,0,0,,,,,0,,,,,,,,,,,,,,1,tidak_ada_info,0,0,0,tidak_ada_rating,0,0.0,2
4260141068,node,cafe,De mandailing Cafe n Eatery Jemur Sari,,-7.322603,112.7423292,Jalan Jemur Sari,71,,,60237,1,0,0,0,0,0,0,0,0,0,0,0,0,0,0,0,0,0,0,0,1,0,0,0,,,,,0,,,,,,,,,,,,,,1,tidak_ada_info,0,0,0,tidak_ada_rating,0,0.0,2
4260143149,node,cafe,Otoclassic Cafe,,-7.2940318,112.7572188,Jalan Krukah Timur,,,,60284,1,0,0,0,0,0,0,0,0,0,0,0,0,0,0,0,0,0,0,0,1,0,0,0,,,,,0,,,,,,,,,,,,,,1,tidak_ada_info,0,0,0,tidak_ada_rating,0,0.0,2
4260144465,node,cafe,GR Café (Gue Rasa ini Café),,-7.2923125,112.7495072,Jalan Bung Tomo,30,,,60245,1,0,0,0,0,0,0,0,0,0,0,0,0,0,0,0,0,0,0,0,1,0,0,0,,,,,0,,,,,,,,,,,,,,1,tidak_ada_info,0,0,0,tidak_ada_rating,0,0.0,2
4260149093,node,cafe,One Dollar Cafe,,-7.2907982,112.7465567,Jalan Bung Tomo,6,,,60246,1,0,0,0,0,0,0,0,0,0,0,0,0,0,0,0,0,0,0,0,1,0,0,0,,,,,0,,,,,,,,,,,,,,1,tidak_ada_info,0,0,0,tidak_ada_rating,0,0.0,2
4267713041,node,cafe,Kafe Panorama,,-7.2824084,112.7622228,Jalan Menur,93,,,60285,1,0,0,0,0,0,0,0,0,0,0,0,0,0,0,0,0,0,0,0,1,0,0,0,,,,,0,,,,,,,,,,,,,,1,tidak_ada_info,0,0,0,tidak_ada_rating,0,0.0,2
4267809700,node,cafe,Shae Cafe and Eatery,,-7.2773927,112.746638,Jalan Bawean,5,,,60246,1,0,0,0,0,0,0,0,0,0,0,0,0,0,0,0,0,0,0,0,1,0,0,0,,,,,0,,,,,,,,,,,,,,1,tidak_ada_info,0,0,0,tidak_ada_rating,0,0.0,2
4270975190,node,cafe,Noach Cafe & Bistro,,-7.2664268,112.7398709,Jalan Pregolan,4,,,,1,0,0,0,0,1,0,1,0,0,0,0,0,0,0,0,0,0,0,0,1,0,0,1,Mo-Th 11:00-22:00; Fr-Sa 11:00-22:00,sandwich;tea;cake;coffee_shop;asian;american;pasta;pizza,,,0,,,,,,,,,,,,,,3,minim,0,0,0,tidak_ada_rating,0,0.0,6
4296327398,node,cafe,KPK Latar Ombo,,-7.3086561,112.7206005,,,,,,1,0,0,0,0,0,0,0,0,0,0,0,0,0,0,0,0,0,0,0,1,0,0,0,,,,,0,,,,,,,,,,,,,,1,tidak_ada_info,0,0,0,tidak_ada_rating,0,0.0,2
4342496192,node,cafe,Warkop Damai,,-7.3122818,112.7973987,Wonorejo,,,,60296,1,0,0,0,0,0,0,1,0,0,0,0,0,0,0,0,0,0,0,0,1,0,0,0,,,,,0,,,,,,,,,,,,,,2,minim,0,0,0,tidak_ada_rating,0,0.0,4
4353734393,node,cafe,After you,,-7.2914818,112.6478516,,,,,,1,1,0,0,1,1,0,1,0,0,0,0,0,0,0,0,0,0,0,0,1,0,1,1,Mo-Su 11:00-23:55,,,,0,,,,,,,,,,,,,,5,cukup_lengkap,1,0,0,tidak_ada_rating,0,0.0,10
4361191857,node,cafe,Excelso,,-7.2931421,112.6541706,,,,,,1,0,1,0,0,1,0,1,0,0,0,0,0,0,0,0,1,0,0,0,1,0,1,1,Mo-Su 10:00-22:00,indonesian;fish_and_chips;sandwich;pizza,,,0,,,,,,,,,,,,,,4,minim,1,0,0,tidak_ada_rating,0,0.0,8
4378996689,node,cafe,,,-7.3109666,112.7323964,jl.ketintang II,,,,,0,0,0,0,0,1,0,0,0,0,0,0,0,0,0,0,0,0,0,0,1,0,1,1,Mo-Su 07:00-00:00,,,,0,,,,,,,,,,,,,,1,tidak_ada_info,0,0,0,tidak_ada_rating,0,0.0,2
4384067060,node,cafe,Pisa,,-7.2816688,112.6838289,,,,,,1,1,1,0,0,1,0,0,0,0,0,0,0,0,0,0,0,0,0,0,1,0,1,1,Mo-Su 11:00-21:00,,,,0,,,,,,,,,,,,,,4,minim,1,0,0,tidak_ada_rating,0,0.0,8
4405219506,node,cafe,Starbucks,Starbucks,-7.2990766,112.6760103,,,,,,1,1,1,0,0,1,0,1,0,0,0,0,0,1,0,0,1,0,0,0,1,0,1,1,Mo-Su 07:30-23:00,coffee_shop,,,0,,,,,,,,,,,,,,5,cukup_lengkap,1,0,1,tidak_ada_rating,0,0.0,10
4478356333,node,cafe,MIXTIX,,-7.2984682,112.649344,,,,,,1,1,0,0,0,1,0,0,0,0,0,0,0,0,0,0,0,0,0,0,1,0,1,1,"We-Su 15:00-00:00, Mo 15:00-00:00",,,,0,,,,,,,,,,,,,,3,minim,0,0,0,tidak_ada_rating,0,0.0,6
4507463564,node,cafe,Spago,,-7.290712,112.6546441,,,,,,1,0,0,0,0,1,0,1,0,0,0,0,0,0,0,0,0,0,0,0,1,0,1,1,Mo-Su 10:30-22:30,,,,0,,,,,,,,,,,,,,3,minim,0,0,0,tidak_ada_rating,0,0.0,6
4516864624,node,cafe,Excelso,,-7.2693945,112.743946,,,,,,1,0,0,0,0,0,0,0,0,0,0,0,0,0,0,0,0,0,0,0,1,0,0,0,,,,,0,,,,,,,,,,,,,,1,tidak_ada_info,0,0,0,tidak_ada_rating,0,0.0,2
4548836566,node,cafe,Surabaya pagi,,-7.2378814,112.7361972,,,,,,1,0,0,0,0,0,0,0,0,0,0,0,0,0,0,0,0,0,0,0,1,0,0,0,,,,,0,,,,,,,,,,,,,,1,tidak_ada_info,0,0,0,tidak_ada_rating,0,0.0,2
4599296300,node,cafe,GatherInc.,,-7.2781639,112.6454351,Taman puspa raya,11,,,,1,1,1,1,1,1,0,1,0,0,0,0,0,0,0,0,1,0,0,0,1,0,1,1,"Mo-Fr 10:00-22:00; Sa, Su 10:00-23:00",bistro;bakery,,,0,,,,,,,,,,,,,,7,cukup_lengkap,1,0,0,tidak_ada_rating,0,0.0,14
4601097829,node,cafe,Philip's coffee,,-7.2930653,112.6765087,,,,,,1,1,0,0,0,1,0,0,0,0,0,0,0,0,0,0,0,0,0,0,1,0,1,1,Tu-Su 09:00-21:00,,,,0,,,,,,,,,,,,,,3,minim,0,0,0,tidak_ada_rating,0,0.0,6
4601097830,node,cafe,Ohana,,-7.2927503,112.6765905,,,,,,1,0,0,0,0,0,0,0,0,0,0,0,0,0,0,0,0,0,0,0,1,0,0,0,,,,,0,,,,,,,,,,,,,,1,tidak_ada_info,0,0,0,tidak_ada_rating,0,0.0,2
4601097898,node,cafe,Elizabeth James,,-7.293926,112.6768816,,,,,,1,1,0,0,1,1,0,0,0,0,0,0,0,0,0,0,0,0,0,0,1,0,1,1,Mo-Su 10:30-22:00,international;chinese,,,0,,,,,,,,,,,,,,4,minim,1,0,0,tidak_ada_rating,0,0.0,8
4701193190,node,cafe,Coffee Estatindo,,-7.3125985,112.7804403,Jalan Dr. Ir. H. Soekarno,NC 6,,,,1,0,0,0,0,1,0,1,0,0,0,0,0,0,0,0,0,0,0,0,1,0,1,1,Mo-Su 10:00-23:00,,,,0,,,,,,,,,,,,,,3,minim,0,0,0,tidak_ada_rating,0,0.0,6
4723341396,node,cafe,Starbucks,Starbucks,-7.2899163,112.6755586,,,,,,1,0,0,0,0,1,0,0,0,0,0,0,0,1,0,0,0,0,0,0,1,0,1,1,Mo-Su 10:00-22:00,coffee_shop,,,0,,,,,,,,,,,,,,2,minim,0,0,1,tidak_ada_rating,0,0.0,4
4745225123,node,cafe,Coyote,,-7.2635586,112.7399021,Jalan Jenderal Basuki Rachmat,,,,,1,0,0,0,0,0,0,0,0,0,0,0,0,0,0,0,0,0,0,0,1,0,0,0,,,,,0,,,,,,,,,,,,,,1,tidak_ada_info,0,0,0,tidak_ada_rating,0,0.0,2
4746176616,node,cafe,Supresso,,-7.2933376,112.6752333,,,,,,1,0,1,0,0,0,0,0,0,0,0,0,0,0,0,0,0,0,0,0,1,0,0,0,,,,,0,,,,,,,,,,,,,,2,minim,1,0,0,tidak_ada_rating,0,0.0,4
4746184767,node,cafe,Kabinet,,-7.2961875,112.6750664,,,,,,1,0,1,0,0,1,0,0,0,0,0,0,0,0,0,0,0,0,0,0,1,0,1,1,Mo-Su 08:00-22:00,,,,0,,,,,,,,,,,,,,3,minim,1,0,0,tidak_ada_rating,0,0.0,6
4746185020,node,cafe,Le cafe gourmand,,-7.2959088,112.6760144,,,,,,1,1,0,0,0,1,0,0,0,0,0,0,0,0,0,0,0,0,0,0,1,0,1,1,Mo-Su 08:00-23:00,,,,0,,,,,,,,,,,,,,3,minim,0,0,0,tidak_ada_rating,0,0.0,6
4757366122,node,cafe,Starbucks,Starbucks,-7.2964397,112.6542474,,,,,,1,0,1,0,0,1,0,1,0,0,0,0,0,1,0,0,1,0,0,0,1,0,1,1,Mo-Su 07:00-22:00,coffee_shop,,,0,,,,,,,,,,,,,,4,minim,1,0,1,tidak_ada_rating,0,0.0,8
4824490649,node,cafe,Starbucks,Starbucks,-7.2859307,112.6805656,Jalan Bukit Darmo Boulevard,,,,,1,1,1,0,0,1,0,1,0,0,0,0,0,1,0,0,0,0,0,0,1,0,1,1,Mo-Su 08:00-22:00,coffee_shop,,,0,,,,,,,,,,,,,,5,cukup_lengkap,1,0,1,tidak_ada_rating,0,0.0,10
4830378536,node,cafe,Calipto,,-7.2790226,112.645619,,,,,,1,1,0,0,1,1,0,1,0,0,0,0,0,0,0,0,0,0,0,0,1,0,1,1,Tu-Su 09:00-21:00,club_sandwich,,,0,,,,,,,,,,,,,,5,cukup_lengkap,1,0,0,tidak_ada_rating,0,0.0,10
4873369734,node,cafe,Confit,,-7.299552,112.6766185,,,,,,1,1,0,0,0,1,0,0,0,0,0,0,0,0,0,0,0,0,0,0,1,0,1,1,Mo-Su 06:45-22:00,,,,0,,,,,,,,,,,,,,3,minim,0,0,0,tidak_ada_rating,0,0.0,6
4903244721,node,cafe,Warkop tugu emas,,-7.29169,112.7236817,,,,,,1,0,0,0,0,0,0,0,0,0,0,0,0,0,0,0,0,0,0,0,1,0,0,0,,,,,0,,,,,,,,,,,,,,1,tidak_ada_info,0,0,0,tidak_ada_rating,0,0.0,2
4916263859,node,cafe,Starbucks,Starbucks,-7.2875575,112.6751859,,,,,,1,0,0,0,0,1,0,1,0,0,0,0,0,1,0,0,0,0,0,0,1,0,1,1,Mo-Su 10:00-22:00,coffee_shop,,,0,,,,,,,,,,,,,,3,minim,0,0,1,tidak_ada_rating,0,0.0,6
4965692721,node,cafe,Depot 20,,-7.2697812,112.7403323,Jalan Embong Blimbing,,,,,1,0,0,0,0,1,0,0,0,0,0,0,0,0,0,0,0,0,0,0,1,0,1,1,Mo-Su 09:00-21:00,indonesian,,,0,,,,,,,,,,,,,,2,minim,0,0,0,tidak_ada_rating,0,0.0,4
5229420322,node,cafe,Skyline design,,-7.2830152,112.6835243,,,,,,1,0,0,0,0,0,0,0,0,0,0,0,0,0,0,0,0,0,0,0,1,0,0,0,,,,,0,,,,,,,,,,,,,,1,tidak_ada_info,0,0,0,tidak_ada_rating,0,0.0,2
5237495322,node,cafe,Redback,,-7.2806625,112.6840715,,,,,,1,0,0,0,0,1,0,0,0,0,0,0,0,0,0,0,0,0,0,0,1,0,1,1,Mo-Su 06:00-22:00,coffee_shop;cake;bagel;sandwich;tea,,,0,,,,,,,,,,,,,,2,minim,0,0,0,tidak_ada_rating,0,0.0,4
5276657698,node,cafe,Tea Presso,,-7.2992134,112.6760609,Jalan Boulevard Famili Selatan,,,,60227,1,0,0,0,0,0,0,0,0,0,0,0,0,0,0,0,0,0,0,0,1,0,0,0,,,,,0,,,,,,,,,,,,,,1,tidak_ada_info,0,0,0,tidak_ada_rating,0,0.0,2
5295169645,node,cafe,Sugabites,,-7.29408,112.6763329,,,,,,1,0,0,0,0,0,0,0,0,0,0,0,0,0,0,0,0,0,0,0,1,0,0,0,,bakery,,,0,,,,,,,,,,,,,,1,tidak_ada_info,0,0,0,tidak_ada_rating,0,0.0,2
5295169646,node,cafe,TGC,,-7.2939676,112.6762902,,,,,,1,0,0,0,0,1,0,0,0,0,0,0,0,0,0,0,0,0,0,0,1,0,1,1,Mo-Su 06:00-23:45,,,,0,,,,,,,,,,,,,,2,minim,0,0,0,tidak_ada_rating,0,0.0,4
5301723424,node,cafe,Starbucks,,-7.2625609,112.7390643,,,,,,1,0,0,0,0,0,0,0,0,0,0,0,0,0,0,0,0,0,0,0,1,0,0,0,,,,,0,,,,,,,,,,,,,,1,tidak_ada_info,0,0,0,tidak_ada_rating,0,0.0,2
5330637022,node,cafe,Warung danang,,-7.2747419,112.7758684,Jalan Dharmahusada Indah II,no 38,,,60115,1,1,1,0,0,1,0,1,0,0,0,0,0,0,0,0,0,0,0,0,1,0,0,1,Mo-Sa 00:00-24:00,coffee_shop,,,0,,,,,,,,,,,,,,5,cukup_lengkap,1,0,0,tidak_ada_rating,0,0.0,10
5354541741,node,cafe,Bird house,,-7.2935947,112.6762882,,,,,,1,0,1,0,0,1,0,0,0,0,0,0,0,0,0,0,1,0,0,0,1,0,1,1,Mo-Su 12:00-22:00,indonesian,,,0,,,,,,,,,,,,,,3,minim,1,0,0,tidak_ada_rating,0,0.0,6
5381991209,node,cafe,Palms,,-7.2948712,112.6670643,,,,,,1,0,0,0,0,0,0,0,0,0,0,0,0,0,0,0,0,0,0,0,1,0,0,0,,,,,0,,,,,,,,,,,,,,1,tidak_ada_info,0,0,0,tidak_ada_rating,0,0.0,2
5497771740,node,cafe,Churrz,,-7.2939376,112.6761595,,,,,,1,0,0,0,0,0,0,0,0,0,0,0,0,0,0,0,0,0,0,0,1,0,0,0,,,,,0,,,,,,,,,,,,,,1,tidak_ada_info,0,0,0,tidak_ada_rating,0,0.0,2
5716380921,node,cafe,Foodcourt,,-7.2741573,112.7418023,,,,,,1,0,0,0,0,0,0,0,0,0,0,0,0,0,0,0,0,0,0,0,1,0,0,0,,,,,0,,,,,,,,,,,,,,1,tidak_ada_info,0,0,0,tidak_ada_rating,0,0.0,2
5873197056,node,cafe,Starbucks,Starbucks,-7.2797036,112.7673519,,,,,,1,0,0,0,0,1,0,1,0,0,0,0,0,1,0,0,1,0,0,0,1,0,0,1,07:00-23:00,coffee_shop,,,0,,,,,,,,,,,,,,3,minim,0,0,1,tidak_ada_rating,0,0.0,6
5873197057,node,cafe,Starbucks,Starbucks,-7.2617762,112.7394783,,,,,,1,0,0,0,0,0,0,0,0,0,0,0,0,1,0,0,0,0,0,0,1,0,0,0,,coffee_shop,,,0,,,,,,,,,,,,,,1,tidak_ada_info,0,0,1,tidak_ada_rating,0,0.0,2
5873197058,node,cafe,Starbucks,Starbucks,-7.2612547,112.7383465,,,,,,1,0,0,0,0,0,0,0,0,0,0,0,0,1,0,0,0,0,0,0,1,0,0,0,,coffee_shop,,,0,,,,,,,,,,,,,,1,tidak_ada_info,0,0,1,tidak_ada_rating,0,0.0,2
5873197059,node,cafe,Starbucks,Starbucks,-7.2631864,112.7392584,,,,,,1,0,0,0,0,0,0,0,0,0,0,0,0,1,0,0,0,0,0,0,1,0,0,0,,coffee_shop,,,0,,,,,,,,,,,,,,1,tidak_ada_info,0,0,1,tidak_ada_rating,0,0.0,2
5873197060,node,cafe,Starbucks,Starbucks,-7.2622711,112.7379978,,,,,,1,0,0,0,0,0,0,0,0,0,0,0,0,1,0,0,0,0,0,0,1,0,0,0,,coffee_shop,,,0,,,,,,,,,,,,,,1,tidak_ada_info,0,0,1,tidak_ada_rating,0,0.0,2
5873197061,node,cafe,Starbucks,Starbucks,-7.2945388,112.7301228,,,,,,1,0,0,0,0,0,0,0,0,0,0,0,0,1,0,0,0,0,0,0,1,0,0,0,,coffee_shop,,,0,,,,,,,,,,,,,,1,tidak_ada_info,0,0,1,tidak_ada_rating,0,0.0,2
5873197062,node,cafe,Starbucks,Starbucks,-7.2768993,112.805863,,,,,,1,0,0,0,0,0,0,0,0,0,0,0,0,1,0,0,0,0,0,0,1,0,0,0,,coffee_shop,,,0,,,,,,,,,,,,,,1,tidak_ada_info,0,0,1,tidak_ada_rating,0,0.0,2
5897591816,node,cafe,Titik Kumpul,,-7.2779716,112.7647984,,,,,,1,0,0,0,0,0,0,0,0,0,0,0,0,0,0,0,0,0,0,0,1,0,0,0,,,,,0,,,,,,,,,,,,,,1,tidak_ada_info,0,0,0,tidak_ada_rating,0,0.0,2
5897591856,node,cafe,Rollaas,,-7.280853,112.7734619,,,,,,1,0,0,0,0,0,0,0,0,0,0,0,0,0,0,0,0,0,0,0,1,0,0,0,,,,,0,,,,,,,,,,,,,,1,tidak_ada_info,0,0,0,tidak_ada_rating,0,0.0,2
6123924347,node,cafe,Maxx Coffee,Maxx Coffee,-7.2619186,112.7499001,,,,,,1,0,0,0,0,0,0,1,0,0,0,0,0,1,0,0,0,0,0,0,1,0,0,0,,coffee_shop,,,0,,,,,,,,,,,,,,2,minim,0,0,1,tidak_ada_rating,0,0.0,4
6123924348,node,cafe,Excelso,,-7.2618108,112.7497901,,,,,,1,0,0,0,0,0,0,1,0,0,0,0,0,0,0,0,0,0,0,0,1,0,0,0,,,,,0,,,,,,,,,,,,,,2,minim,0,0,0,tidak_ada_rating,0,0.0,4
6123924349,node,cafe,Anomali Coffee,,-7.2621593,112.750348,,,,,,1,0,0,0,0,0,0,1,0,0,0,0,0,0,0,0,0,0,0,0,1,0,0,0,,,,,0,,,,,,,,,,,,,,2,minim,0,0,0,tidak_ada_rating,0,0.0,4
6123924350,node,cafe,Oh Gelato & Cafe,,-7.2604671,112.7510521,,,,,,1,0,0,0,0,0,0,0,0,0,0,0,0,0,0,0,0,0,0,0,1,0,0,0,,,,,0,,,,,,,,,,,,,,1,tidak_ada_info,0,0,0,tidak_ada_rating,0,0.0,2
6154038472,node,cafe,Renekopi,,-7.3087693,112.7215186,,,,,,1,0,0,0,0,0,0,0,0,0,0,0,0,0,0,0,0,0,0,0,1,0,0,0,,,,,0,,,,,,,,,,,,,,1,tidak_ada_info,0,0,0,tidak_ada_rating,0,0.0,2
6214815967,node,cafe,Starbucks,Starbucks,-7.2630241,112.7406183,,,,,,1,0,0,0,0,0,0,0,0,0,0,0,0,1,0,0,0,0,0,0,1,0,0,0,,coffee_shop,,,0,,,,,,,,,,,,,,1,tidak_ada_info,0,0,1,tidak_ada_rating,0,0.0,2
6214815968,node,cafe,Starbucks,Starbucks,-7.3388087,112.7375364,,,,,,1,0,0,0,0,0,0,0,0,0,0,0,0,1,0,0,0,0,0,0,1,0,0,0,,coffee_shop,,,0,,,,,,,,,,,,,,1,tidak_ada_info,0,0,1,tidak_ada_rating,0,0.0,2
6214815969,node,cafe,Starbucks,Starbucks,-7.2652191,112.7485067,,,,,,1,0,0,0,0,0,0,0,0,0,0,0,0,1,0,0,0,0,0,0,1,0,0,0,,coffee_shop,,,0,,,,,,,,,,,,,,1,tidak_ada_info,0,0,1,tidak_ada_rating,0,0.0,2
6214815970,node,cafe,Starbucks,Starbucks,-7.2556672,112.7338484,,,,,,1,0,0,0,0,0,0,0,0,0,0,0,0,1,0,0,0,0,0,0,1,0,0,0,,coffee_shop,,,0,,,,,,,,,,,,,,1,tidak_ada_info,0,0,1,tidak_ada_rating,0,0.0,2
6214815971,node,cafe,Starbucks,Starbucks,-7.2510215,112.6617667,,,,,,1,0,0,0,0,0,0,0,0,0,0,0,0,1,0,0,0,0,0,0,1,0,0,0,,coffee_shop,,,0,,,,,,,,,,,,,,1,tidak_ada_info,0,0,1,tidak_ada_rating,0,0.0,2
6296236163,node,cafe,Starbucks,Starbucks,-7.3144389,112.7810472,,,,,,1,0,0,0,0,0,0,0,0,0,0,0,0,1,0,0,0,0,0,0,1,0,0,0,,coffee_shop,,,0,,,,,,,,,,,,,,1,tidak_ada_info,0,0,1,tidak_ada_rating,0,0.0,2
6358934717,node,cafe,Bakso Sumberejo,,-7.2277435,112.6071113,,,,,,1,0,0,0,0,0,0,0,0,0,0,0,0,1,0,0,1,0,0,0,1,0,0,0,,Meatball_soup;snack,,,0,,,,,,,,,,,,,,1,tidak_ada_info,0,0,1,tidak_ada_rating,0,0.0,2
6363976422,node,cafe,Warung Polisi (Warpol),,-7.2894573,112.7756865,Jalan Arief Rahman Hakim,,,,60117,1,0,0,0,0,0,0,0,0,0,0,0,0,0,0,0,1,0,0,0,1,0,0,0,,coffee_shop,,,0,,,,,,,,,,,,,,1,tidak_ada_info,0,0,0,tidak_ada_rating,0,0.0,2
6397255490,node,cafe,coffy toffy manyar,,-7.2892326,112.763134,Jalan Menur Pumpungan,No.33,,,60118,1,0,0,0,0,1,0,0,0,0,0,0,0,0,0,0,1,0,0,0,1,0,1,1,Mo-Su 09:00-21:00,coffee_shop,,,0,,,,,,,,,,,,,,2,minim,0,0,0,tidak_ada_rating,0,0.0,4
6398529327,node,cafe,,,-7.289212,112.7631254,,,,,,0,0,0,0,0,0,0,0,0,0,0,0,0,0,0,0,0,0,0,0,1,0,0,0,,,,,0,,,,,,,,,,,,,,0,tidak_ada_info,0,0,0,tidak_ada_rating,0,0.0,0
6409346562,node,cafe,Starbucks,Starbucks,-7.2760014,112.7808205,,,,,,1,0,0,0,0,0,0,0,0,0,0,0,0,1,0,0,0,0,0,0,1,0,0,0,,coffee_shop,,,0,,,,,,,,,,,,,,1,tidak_ada_info,0,0,1,tidak_ada_rating,0,0.0,2
6495308533,node,cafe,Janji Jiwa,,-7.2706004,112.7562516,,,,,,1,0,0,0,0,0,0,0,0,0,0,0,0,0,0,0,0,0,0,0,1,0,0,0,,,,,0,,,,,,,,,,,,,,1,tidak_ada_info,0,0,0,tidak_ada_rating,0,0.0,2
6621178653,node,cafe,The Coffee Bean & Tea Leaf,The Coffee Bean & Tea Leaf,-7.2625788,112.7381244,,Unit 22-23,,,60261,1,0,0,0,0,0,0,0,0,0,0,0,0,1,0,0,0,0,0,0,1,0,0,0,,coffee_shop,,,0,,,,,,,,,,,,,,1,tidak_ada_info,0,0,1,tidak_ada_rating,0,0.0,2
6681993566,node,cafe,Thirty3 Brew,,-7.2861002,112.7327551,Jalan Opak,,,,,1,0,0,0,0,1,0,1,0,1,0,0,0,0,0,0,1,0,0,0,1,0,1,1,Mo-Su 10:00-23:00,,,,0,,,,,,,,,,,,,,3,minim,0,0,0,tidak_ada_rating,0,0.0,6
6681993571,node,cafe,Seventies Coffee,,-7.2856692,112.7329429,,,,,,1,0,0,0,0,0,0,0,0,0,0,0,0,0,0,0,0,0,0,0,1,0,0,0,,,,,0,,,,,,,,,,,,,,1,tidak_ada_info,0,0,0,tidak_ada_rating,0,0.0,2
6681993573,node,cafe,Locaāhands,,-7.2871804,112.7332299,,,,,,1,0,0,0,0,1,0,0,0,1,0,0,0,0,0,0,1,0,0,0,1,0,1,1,Mo-Su 08:00-22:00,,,,0,,,,,,,,,,,,,,2,minim,0,0,0,tidak_ada_rating,0,0.0,4
6806679940,node,cafe,Diskuupi,,-7.2725287,112.7562049,,,,,,1,0,0,0,0,0,0,1,0,0,0,0,0,0,0,0,1,0,0,0,1,0,0,0,,,,,0,,,,,,,,,,,,,,2,minim,0,0,0,tidak_ada_rating,0,0.0,4
6806679941,node,cafe,Hi Coffee,,-7.2726524,112.7562049,,,,,,1,0,0,0,0,0,0,0,0,0,0,0,0,0,0,0,1,0,0,0,1,0,0,0,,,,,0,,,,,,,,,,,,,,1,tidak_ada_info,0,0,0,tidak_ada_rating,0,0.0,2
6806679945,node,cafe,Lain Hati,,-7.2737805,112.7561539,,,,,,1,0,0,0,0,0,0,0,0,0,0,0,0,0,0,0,1,0,0,0,1,0,0,0,,,,,0,,,,,,,,,,,,,,1,tidak_ada_info,0,0,0,tidak_ada_rating,0,0.0,2
6806679946,node,cafe,Pukul Satu,,-7.2766819,112.7557891,,,,,,1,0,0,0,0,0,0,0,0,0,0,0,0,0,0,0,1,0,0,0,1,0,0,0,,,,,0,,,,,,,,,,,,,,1,tidak_ada_info,0,0,0,tidak_ada_rating,0,0.0,2
6806679947,node,cafe,Foresthree,,-7.277806,112.754558,,,,,,1,0,0,0,0,0,0,0,0,0,0,0,0,0,0,0,1,0,0,0,1,0,0,0,,,,,0,,,,,,,,,,,,,,1,tidak_ada_info,0,0,0,tidak_ada_rating,0,0.0,2
6806679950,node,cafe,Kopi Yor,,-7.2717451,112.7608087,,,,,,1,0,0,0,0,0,0,0,0,0,0,0,0,0,0,0,1,0,0,0,1,0,0,0,,,,,0,,,,,,,,,,,,,,1,tidak_ada_info,0,0,0,tidak_ada_rating,0,0.0,2
6806679951,node,cafe,Awal Cerita,,-7.2710483,112.7608578,,,,,,1,0,0,0,0,0,0,0,0,0,0,0,0,0,0,0,1,0,0,0,1,0,0,0,,,,,0,,,,,,,,,,,,,,1,tidak_ada_info,0,0,0,tidak_ada_rating,0,0.0,2
6811538254,node,cafe,Diskuupi 101,,-7.299809,112.7656827,Jalan Nginden Semolo,38,,,60118,1,0,0,0,0,0,0,1,0,0,0,0,0,0,0,0,1,1,0,0,1,0,0,0,,coffee_shop;coffee;drinks,,,0,,,,,,,,,,,,,,2,minim,0,0,0,tidak_ada_rating,0,0.0,4
6862762515,node,cafe,Katalokopi,,-7.2743511,112.7561009,,,,,,1,0,0,0,0,0,0,0,0,0,0,0,0,0,0,0,0,0,0,0,1,0,0,0,,,,,0,,,,,,,,,,,,,,1,tidak_ada_info,0,0,0,tidak_ada_rating,0,0.0,2
6960986586,node,cafe,Warkop Stadion,,-7.3291909,112.7228236,,,,,,1,0,0,0,0,1,0,0,0,0,0,0,0,0,0,0,0,0,0,0,1,1,0,0,24/7,,,,0,,,,,,,,,,,,,,2,minim,0,0,0,tidak_ada_rating,0,0.0,4
7111723185,node,cafe,Mokha Eatery,,-7.2262097,112.7410538,Jalan KH Mas Mansyur,250,,,60151,1,0,0,0,0,1,0,1,0,0,0,0,0,0,0,0,0,0,0,0,1,0,1,1,Mo-Su 09:30-21:30,burger;cake;fish;kebab;coffee_shop;arab,,,0,,,,,,,,,,,,,,3,minim,0,0,0,tidak_ada_rating,0,0.0,6
7113437686,node,cafe,Warkop Wali,,-7.2773182,112.7405096,Jalan Pandegiling,,,,,1,0,0,0,0,1,0,1,0,0,0,0,0,0,0,0,0,0,0,0,1,0,0,1,Mo-Sa 06:00-18:00,,,,0,,,,,,,,,,,,,,3,minim,0,0,0,tidak_ada_rating,0,0.0,6
7113750385,node,cafe,Kopi Kota,,-7.2597168,112.7356714,Jalan Embong Malang,73G,,,,1,0,0,0,0,1,0,1,0,0,0,0,0,0,0,0,0,0,0,0,1,0,1,1,Mo-Su 11:00-21:00,coffee_shop,,,0,,,,,,,,,,,,,,3,minim,0,0,0,tidak_ada_rating,0,0.0,6
7116217285,node,cafe,Warkop Cak Man,,-7.285995,112.7434771,Jalan Dinoyo Baru,,,,,1,0,0,0,0,1,0,0,0,0,0,0,0,0,0,0,0,0,0,0,1,0,1,1,Mo-Su 05:00-18:00,friture;coffee_shop;local,,,0,,,,,,,,,,,,,,2,minim,0,0,0,tidak_ada_rating,0,0.0,4
7116217485,node,cafe,Warkop Koramil - Pak Tono,,-7.2774065,112.7355799,Jalan Imam Bonjol,19,,,60264,1,0,0,0,0,1,0,0,0,0,0,0,0,0,0,0,0,0,0,0,1,0,1,1,Mo-Su 06:00-16:00,friture;cake;donut;coffee_shop,,,0,,,,,,,,,,,,,,2,minim,0,0,0,tidak_ada_rating,0,0.0,4
7116279985,node,cafe,Warkop Pojok Pasar Pecindilan,,-7.2473764,112.7492283,Jalan Pecindilan II,,,,,1,0,0,0,0,1,0,0,0,0,0,0,0,0,0,0,0,0,0,0,1,0,1,1,Mo-Su 05:00-16:00,friture;coffee_shop,,,0,,,,,,,,,,,,,,2,minim,0,0,0,tidak_ada_rating,0,0.0,4
7116874685,node,cafe,Warung Pojok Rawon Lodeh Bali,,-7.276248,112.7358243,Jalan Imam Bonjol,,,,,1,0,0,0,0,1,0,0,0,0,0,0,0,0,0,0,0,0,0,0,1,0,1,1,Mo-Su 19:00-00:00,indonesian,,,0,,,,,,,,,,,,,,2,minim,0,0,0,tidak_ada_rating,0,0.0,4
7118511485,node,cafe,Kedai Kopi Simple,,-7.2667722,112.7426006,Jalan Embong Sawo,,,,,1,0,0,0,0,1,0,1,0,0,0,0,0,0,0,0,0,0,0,0,1,0,0,1,Mo-Fr 07:00-16:00,coffee_shop,,,0,,,,,,,,,,,,,,3,minim,0,0,0,tidak_ada_rating,0,0.0,6
7118528786,node,cafe,Warkop SJDW,,-7.2746447,112.7425464,Jalan Keputran,,,,,1,0,0,0,0,1,0,0,0,0,0,0,0,0,0,0,0,0,0,0,1,1,0,0,24/7,coffee_shop,,,0,,,,,,,,,,,,,,2,minim,0,0,0,tidak_ada_rating,0,0.0,4
7118536585,node,cafe,Warkop Cak Man,,-7.2584638,112.7257918,Jalan Argopuro,,,,,1,0,0,0,0,1,0,0,0,0,0,0,0,0,0,0,0,0,0,0,1,0,1,1,Mo-Su 06:00-21:00,coffee_shop,,,0,,,,,,,,,,,,,,2,minim,0,0,0,tidak_ada_rating,0,0.0,4
7118537685,node,cafe,Warkop Cak Min,,-7.2723849,112.7410945,Jalan Jenderal Basuki Rachmat,,,,,1,0,0,0,0,1,0,0,0,0,0,0,0,0,0,0,0,0,0,0,1,0,0,1,Mo-Fr 10:00-00:00,coffee_shop,,,0,,,,,,,,,,,,,,2,minim,0,0,0,tidak_ada_rating,0,0.0,4
7118541285,node,cafe,Warkop Mbak Mar,,-7.2716697,112.7426857,Jalan Lemah Putro III,,,,,1,0,0,0,0,1,0,0,0,0,0,0,0,0,0,0,0,0,0,0,1,0,0,1,Mo-Sa 06:00-18:00,,,,0,,,,,,,,,,,,,,2,minim,0,0,0,tidak_ada_rating,0,0.0,4
7118541286,node,cafe,Warkop PakDe Yanto,,-7.2735094,112.7437324,Kayun,,,,,1,0,0,0,0,1,0,0,0,0,0,0,0,0,0,0,0,0,0,0,1,0,0,1,Mo-Sa 06:00-18:00,coffee_shop,,,0,,,,,,,,,,,,,,2,minim,0,0,0,tidak_ada_rating,0,0.0,4
7118551585,node,cafe,Warkop Pojok,,-7.2771988,112.7411753,Jalan Jenderal Urip Sumoharjo,,,,,1,0,0,0,0,1,0,0,0,0,0,0,0,0,0,0,0,0,0,0,1,0,1,1,Mo-Su 06:00-21:00,,,,0,,,,,,,,,,,,,,2,minim,0,0,0,tidak_ada_rating,0,0.0,4
7118651185,node,cafe,Warkop Pak No Simpang Dukuh,,-7.2620896,112.7419599,Jalan Simpang Dukuh,7,,,,1,0,0,0,0,1,0,0,0,0,0,0,0,0,0,0,0,0,0,0,1,0,1,1,Mo-Su 06:00-18:00,deli;tea;cake;asian;beef_bowl;coffee_shop,,,0,,,,,,,,,,,,,,2,minim,0,0,0,tidak_ada_rating,0,0.0,4
7118681890,node,cafe,Warkop Pak Imam,,-7.2591134,112.7420994,Jalan Genteng Bandar Lor,,,,,1,0,0,0,0,1,0,0,0,0,0,0,0,0,0,0,0,0,0,0,1,0,0,1,Mo-Sa 06:00-15:00,coffee_shop,,,0,,,,,,,,,,,,,,2,minim,0,0,0,tidak_ada_rating,0,0.0,4
7118694885,node,cafe,Warkop Dewo,,-7.2586829,112.7410212,Jalan Genteng Besar,,,,,1,0,0,0,0,1,0,0,0,0,0,0,0,0,0,0,0,0,0,0,1,0,1,1,Mo-Su 06:00-18:00,coffee_shop,,,0,,,,,,,,,,,,,,2,minim,0,0,0,tidak_ada_rating,0,0.0,4
7118937485,node,cafe,Warkop WK,,-7.27846,112.7434136,Jalan Dinoyo,,,,,1,0,0,0,0,1,0,0,0,0,0,0,0,0,0,0,0,0,0,0,1,1,0,0,24/7,coffee_shop,,,0,,,,,,,,,,,,,,2,minim,0,0,0,tidak_ada_rating,0,0.0,4
7119524187,node,cafe,Warung Cak Mis,,-7.2864466,112.740459,Jalan Bintoro,,,,,1,0,0,0,0,1,0,0,0,0,0,0,0,0,0,0,0,0,0,0,1,0,1,1,Mo-Su 15:00-00:00,tea;friture;diner;cake;coffee_shop;local,,,0,,,,,,,,,,,,,,2,minim,0,0,0,tidak_ada_rating,0,0.0,4
7120599687,node,cafe,Giras 98,,-7.2306144,112.7511565,Jalan Sidotopo Kidul,98,,,,1,0,0,0,0,1,0,0,0,0,0,0,0,0,0,0,0,0,0,0,1,0,1,1,Mo-Su 05:00-18:00,,,,0,,,,,,,,,,,,,,2,minim,0,0,0,tidak_ada_rating,0,0.0,4
7120670685,node,cafe,Warkop Erick 46,,-7.2271615,112.7407872,Jalan KH Mas Mansyur I,46,,,,1,0,0,0,0,1,0,1,0,0,0,0,0,0,0,0,0,0,0,0,1,1,0,0,24/7,friture;cake;coffee_shop,,,0,,,,,,,,,,,,,,3,minim,0,0,0,tidak_ada_rating,0,0.0,6
7120693486,node,cafe,Warkop Rempah,,-7.2332537,112.7401755,Jalan Pabean Koelon 5,,,,,1,0,0,0,0,1,0,0,0,0,0,0,0,0,0,0,0,0,0,0,1,0,0,1,Mo-Sa 07:00-15:00,friture;cake;coffee_shop,,,0,,,,,,,,,,,,,,2,minim,0,0,0,tidak_ada_rating,0,0.0,4
7120720686,node,cafe,Warkop Keliling Cak Muhari,,-7.2327324,112.741118,Jalan KH Mas Mansyur,,,,,1,0,0,0,0,1,0,0,0,0,0,0,0,0,0,0,0,0,0,0,1,0,1,1,Mo-Su 06:00-11:00,friture;donut;coffee_shop,,,0,,,,,,,,,,,,,,2,minim,0,0,0,tidak_ada_rating,0,0.0,4
7120741785,node,cafe,Warkop Cak Ran,,-7.2342577,112.7396881,Jalan Gambir,,,,,1,0,0,0,0,1,0,0,0,0,0,0,0,0,0,0,0,0,0,0,1,0,1,1,Mo-Su 12:00-00:00,coffee_shop,,,0,,,,,,,,,,,,,,2,minim,0,0,0,tidak_ada_rating,0,0.0,4
7120742785,node,cafe,Warkop Elita,,-7.2356956,112.7416472,Jalan Songoyudan,,,,,1,0,0,0,0,1,0,0,0,0,0,0,0,0,0,0,0,0,0,0,1,0,0,1,Mo-Sa 07:00-16:00,coffee_shop,,,0,,,,,,,,,,,,,,2,minim,0,0,0,tidak_ada_rating,0,0.0,4
7120746985,node,cafe,Warkop Maimunah,,-7.2350201,112.7410464,Jalan Pabean Utara,,,,,1,0,0,0,0,1,0,0,0,0,0,0,0,0,0,0,0,0,0,0,1,1,0,0,24/7,friture;cake;curry;coffee_shop,,,0,,,,,,,,,,,,,,2,minim,0,0,0,tidak_ada_rating,0,0.0,4
7120970085,node,cafe,Warkop Cak Syaiful,,-7.2342626,112.740987,Ketapang III,,,,,1,0,0,0,0,1,0,0,0,0,0,0,0,0,0,0,0,0,0,0,1,0,1,1,Mo-Su 06:00-16:00,coffee_shop,,,0,,,,,,,,,,,,,,2,minim,0,0,0,tidak_ada_rating,0,0.0,4
7121027485,node,cafe,Warkop Ertiga,,-7.2347912,112.745857,Jalan Kertopaten,10,,,,1,0,0,0,0,1,0,1,0,0,0,0,0,0,0,0,0,0,0,0,1,1,0,0,24/7,coffee_shop,,,0,,,,,,,,,,,,,,3,minim,0,0,0,tidak_ada_rating,0,0.0,6
7121430685,node,cafe,Warkop Cak Hadi,,-7.2398563,112.7502333,Jalan Kapasan,86,,,,1,0,0,0,0,1,0,0,0,0,0,0,0,0,0,0,0,0,0,0,1,0,1,1,Mo-Su 06:00-16:00,coffee_shop,,,0,,,,,,,,,,,,,,2,minim,0,0,0,tidak_ada_rating,0,0.0,4
7123664986,node,cafe,Warkop Sis,,-7.2945975,112.7254069,Jalan Brawijaya,,,,,1,0,0,0,0,1,0,0,0,0,0,0,0,0,0,0,0,0,0,0,1,0,1,1,Mo-Su 05:00-15:00,coffee_shop,,,0,,,,,,,,,,,,,,2,minim,0,0,0,tidak_ada_rating,0,0.0,4
7123677288,node,cafe,Giras Gresik,,-7.3141168,112.6941946,Jalan Raya Wiyung,,,,,1,0,0,0,0,1,0,0,0,0,0,0,0,0,0,0,0,0,0,0,1,0,1,1,Mo-Su 05:00-15:00,coffee_shop,,,0,,,,,,,,,,,,,,2,minim,0,0,0,tidak_ada_rating,0,0.0,4
7123730485,node,cafe,Warkop Halik,,-7.2833698,112.7342181,Jalan Trunojoyo,64,,,,1,0,0,0,0,1,0,0,0,0,0,0,0,0,0,0,0,0,0,0,1,0,0,1,Mo-Sa 10:00-18:00,coffee_shop,,,0,,,,,,,,,,,,,,2,minim,0,0,0,tidak_ada_rating,0,0.0,4
7123743685,node,cafe,Warkop Dilla,,-7.2491726,112.7309717,Jalan Lamongan,,,,,1,0,0,0,0,1,0,0,0,0,0,0,0,0,0,0,0,0,0,0,1,0,1,1,Mo-Su 06:00-21:00,coffee_shop,,,0,,,,,,,,,,,,,,2,minim,0,0,0,tidak_ada_rating,0,0.0,4
7123793185,node,cafe,Warjo Pak Pur,,-7.2602861,112.7449068,Jalan Walikota Mustajab,,,,,1,0,0,0,0,1,0,0,0,0,0,0,0,0,0,0,0,0,0,0,1,0,0,1,Mo-Sa 06:00-15:00,coffee_shop,,,0,,,,,,,,,,,,,,2,minim,0,0,0,tidak_ada_rating,0,0.0,4
7123820385,node,cafe,Warkop Ardi,,-7.255278,112.7472311,Jalan Jaksa Agung Suprapto,,,,,1,0,0,0,0,1,0,0,0,0,0,0,0,0,0,0,0,0,0,0,1,0,1,1,Mo-Su 06:00-16:00,coffee_shop,,,0,,,,,,,,,,,,,,2,minim,0,0,0,tidak_ada_rating,0,0.0,4
7125233785,node,cafe,Warkop Ramonez,,-7.2772632,112.7621547,Jalan Raya Menur,,,,,1,0,0,0,0,0,0,0,0,0,0,0,0,0,0,0,0,0,0,0,1,0,0,0,,coffee_shop,,,0,,,,,,,,,,,,,,1,tidak_ada_info,0,0,0,tidak_ada_rating,0,0.0,2
7125258886,node,cafe,Warkop Pak No,,-7.2593538,112.7590477,Pacar Keling VII,19,,,,1,0,0,0,0,1,0,0,0,0,0,0,1,0,0,0,0,0,0,0,1,0,1,1,Mo-Su 06:00-12:00,coffee_shop,,,0,,,,,,,,,,,,,,2,minim,0,0,0,tidak_ada_rating,0,0.0,4
7125275785,node,cafe,Warkop & Nasi Pecel Sederhana,,-7.2594028,112.7591347,Jalan Pacarkeling Gang V,,,,,1,0,0,0,0,1,0,0,0,0,0,0,1,0,0,0,0,0,0,0,1,0,1,1,Mo-Su 05:00-12:00,coffee_shop,,,0,,,,,,,,,,,,,,2,minim,0,0,0,tidak_ada_rating,0,0.0,4
7126114385,node,cafe,Warkop Bahagia,,-7.2284246,112.7357683,Jalan Kebalen Timur,,,,,1,0,0,0,0,1,0,0,0,0,0,0,0,0,0,0,0,0,0,0,1,0,1,1,Mo-Su 06:00-16:00,tea;friture;coffee_shop,,,0,,,,,,,,,,,,,,2,minim,0,0,0,tidak_ada_rating,0,0.0,4
7127411885,node,cafe,Warkop Pak Ri,,-7.2479833,112.7575363,Jalan Tambak Arum III,2b,,,,1,0,0,0,0,1,0,0,0,0,0,0,0,0,0,0,0,0,0,0,1,0,1,1,Mo-Su 07:00-16:00,coffee_shop,,,0,,,,,,,,,,,,,,2,minim,0,0,0,tidak_ada_rating,0,0.0,4
7127632386,node,cafe,Warkop Yani,,-7.2490873,112.7535689,Jalan Ngaglik,51,,,,1,0,0,0,0,1,0,0,0,0,0,0,0,0,0,0,0,0,0,0,1,0,1,1,Mo-Su 06:00-18:00,friture;coffee_shop,,,0,,,,,,,,,,,,,,2,minim,0,0,0,tidak_ada_rating,0,0.0,4
7127639686,node,cafe,Warkop Pojok,,-7.213514,112.7333727,Jalan Teluk Betung,,,,,1,0,0,0,0,1,0,0,0,0,0,0,0,0,0,0,0,0,0,0,1,0,0,1,Mo-Sa 06:00-16:00,tea;friture;coffee_shop,,,0,,,,,,,,,,,,,,2,minim,0,0,0,tidak_ada_rating,0,0.0,4
7127669786,node,cafe,Warkop Cak Arifin,,-7.2513154,112.7550641,Jalan Juwet,,,,,1,0,0,0,0,1,0,0,0,0,0,0,0,0,0,0,0,0,0,0,1,0,1,1,Mo-Su 06:00-17:00,coffee_shop,,,0,,,,,,,,,,,,,,2,minim,0,0,0,tidak_ada_rating,0,0.0,4
7128474688,node,cafe,Warkop Tulungagung,,-7.2912056,112.7379627,Jalan Cimanuk,33,,,,1,0,0,0,0,1,0,1,0,0,0,0,0,0,0,0,0,0,0,0,1,1,0,0,24/7,friture;coffee_shop,,,0,,,,,,,,,,,,,,3,minim,0,0,0,tidak_ada_rating,0,0.0,6
7128509285,node,cafe,Warkop Sewelas,,-7.2913481,112.7379973,Jalan Cimanuk,35,,,,1,0,0,0,0,1,0,0,0,0,0,0,0,0,0,0,0,0,0,0,1,0,1,1,Mo-Su 08:00-17:00,friture;coffee_shop,,,0,,,,,,,,,,,,,,2,minim,0,0,0,tidak_ada_rating,0,0.0,4
7129729385,node,cafe,Warkop Punjul Roso,,-7.2628776,112.6671234,Jalan Manukan Tama,,,,,1,0,0,0,0,0,0,0,0,0,0,0,0,0,0,0,0,0,0,0,1,0,0,0,,coffee_shop,,,0,,,,,,,,,,,,,,1,tidak_ada_info,0,0,0,tidak_ada_rating,0,0.0,2
7129737185,node,cafe,Warkop Pojok,,-7.2595463,112.6784795,Jalan Balongsari Blok 3,,,,,1,0,0,0,0,1,0,1,0,0,0,0,0,0,0,0,0,0,0,0,1,1,0,0,24/7,coffee_shop,,,0,,,,,,,,,,,,,,3,minim,0,0,0,tidak_ada_rating,0,0.0,6
7129752585,node,cafe,Giras 18,,-7.2597221,112.6793737,Jalan Balongsari Blok 3,,,,,1,0,0,0,0,0,0,1,0,0,0,0,0,0,0,0,0,0,0,0,1,0,0,0,,coffee_shop,,,0,,,,,,,,,,,,,,2,minim,0,0,0,tidak_ada_rating,0,0.0,4
7129752685,node,cafe,Warkop CS,,-7.2597507,112.6794537,Jalan Balongsari Blok 3,,,,,1,0,0,0,0,0,0,1,0,0,0,0,0,0,0,0,0,0,0,0,1,0,0,0,,coffee_shop,,,0,,,,,,,,,,,,,,2,minim,0,0,0,tidak_ada_rating,0,0.0,4
7130137889,node,cafe,Warkop Yoyok,,-7.2759233,112.7352458,Jalan Pandegiling,,,,,1,0,0,0,0,0,0,1,0,0,0,0,0,0,0,0,0,0,0,0,1,0,0,0,,coffee_shop,,,0,,,,,,,,,,,,,,2,minim,0,0,0,tidak_ada_rating,0,0.0,4
7132301585,node,cafe,Warkop Gorip,,-7.3205017,112.7577787,Jalan Tenggilis Mejoyo,120,,,,1,0,0,0,0,1,0,0,0,0,0,0,0,0,0,0,0,0,0,0,1,0,1,1,Mo-Su 21:00-09:00,friture;coffee_shop,,,0,,,,,,,,,,,,,,2,minim,0,0,0,tidak_ada_rating,0,0.0,4
7132325185,node,cafe,Warkop Anugrah,,-7.3233379,112.7712258,Jalan Rungkut Asri Utara II,2,,,,1,0,0,0,0,1,0,1,0,0,0,0,0,0,0,0,0,0,0,0,1,0,1,1,Mo-Su 06:00-18:00,coffee_shop,,,0,,,,,,,,,,,,,,3,minim,0,0,0,tidak_ada_rating,0,0.0,6
7132340585,node,cafe,Warkop Pojok Pasar Soponyono,,-7.3232086,112.7713442,Jalan Rungkut Asri Utara II,,,,,1,0,0,0,0,1,0,0,0,0,0,0,0,0,0,0,0,0,0,0,1,0,1,1,Mo-Su 05:00-18:00,friture;coffee_shop,,,0,,,,,,,,,,,,,,2,minim,0,0,0,tidak_ada_rating,0,0.0,4
7132389485,node,cafe,Kopi Selir,,-7.3079327,112.7606838,Jalan Jemursari,21,,,,1,0,0,0,0,0,0,0,0,0,0,0,0,0,0,0,0,0,0,0,1,0,0,0,,friture;coffee_shop,,,0,,,,,,,,,,,,,,1,tidak_ada_info,0,0,0,tidak_ada_rating,0,0.0,2
7132454786,node,cafe,Warkop Barokah,,-7.3027908,112.737949,Jalan Stasiun Wonokromo,,,,,1,0,0,0,0,1,0,0,0,0,0,0,0,0,0,0,0,0,0,0,1,0,1,1,Mo-Su 05:00-18:00,friture;cake;donut;coffee_shop,,,0,,,,,,,,,,,,,,2,minim,0,0,0,tidak_ada_rating,0,0.0,4
7132460490,node,cafe,Warkop Farid,,-7.3012025,112.7375605,Jalan Jagir Wonokromo Wetan,,,,,1,0,0,0,0,1,0,0,0,0,0,0,0,0,0,0,0,0,0,0,1,0,1,1,Mo-Su 06:00-18:00,friture;donut;coffee_shop,,,0,,,,,,,,,,,,,,2,minim,0,0,0,tidak_ada_rating,0,0.0,4
7134705285,node,cafe,Warkop Kusni,,-7.2688683,112.7291567,Jalan Wonorejo III,,,,,1,0,0,0,0,0,0,0,0,0,0,0,0,0,0,0,0,0,0,0,1,0,0,0,,friture;coffee_shop,,,0,,,,,,,,,,,,,,1,tidak_ada_info,0,0,0,tidak_ada_rating,0,0.0,2
7134746985,node,cafe,Warkop Ronggowarsito,,-7.2797343,112.7283909,Ronggowarsito Tengah,,,,,1,0,0,0,0,0,0,0,0,0,0,0,0,0,0,0,0,0,0,0,1,0,0,0,,curry;coffee_shop,,,0,,,,,,,,,,,,,,1,tidak_ada_info,0,0,0,tidak_ada_rating,0,0.0,2
7134748285,node,cafe,,,-7.2807687,112.7293442,Jalan Yoso Dipuro,,,,,0,0,0,0,0,1,0,0,0,0,0,0,0,0,0,0,0,0,0,0,1,1,0,0,24/7,friture;coffee_shop,,,0,,,,,,,,,,,,,,1,tidak_ada_info,0,0,0,tidak_ada_rating,0,0.0,2
7134751586,node,cafe,Warkop Pojok Cak Gondol,,-7.2825169,112.7296666,Jalan Kembang Kuning,,,,,1,0,0,0,0,1,0,0,0,0,0,0,0,0,0,0,0,0,0,0,1,1,0,0,24/7,friture;coffee_shop,,,0,,,,,,,,,,,,,,2,minim,0,0,0,tidak_ada_rating,0,0.0,4
7134772985,node,cafe,Warkop Kanwa,,-7.2847546,112.7303589,Jalan Kanwa,,,,,1,0,0,0,0,1,0,0,0,0,0,0,0,0,0,0,0,0,0,0,1,0,1,1,Mo-Su 06:00-17:00,friture;coffee_shop,,,0,,,,,,,,,,,,,,2,minim,0,0,0,tidak_ada_rating,0,0.0,4
7134773085,node,cafe,Warkop Abadi,,-7.2850998,112.7305419,Jalan Dokter Sutomo,,,,,1,0,0,0,0,1,0,1,0,0,0,0,0,0,0,0,0,0,0,0,1,0,1,1,Mo-Su 12:00-22:00,friture;coffee_shop,,,0,,,,,,,,,,,,,,3,minim,0,0,0,tidak_ada_rating,0,0.0,6
7134773185,node,cafe,Warkop Subekti,,-7.2819918,112.7383139,Jalan Dr. Wahidin,,,,,1,0,0,0,0,1,0,0,0,0,0,0,0,0,0,0,0,0,0,0,1,0,0,1,Mo-Sa 06:00-17:00,friture;coffee_shop,,,0,,,,,,,,,,,,,,2,minim,0,0,0,tidak_ada_rating,0,0.0,4
7134840685,node,cafe,Warkop & Selep Ibu Supini,,-7.289129,112.7998866,Keputih II,,,,,1,0,0,0,0,1,0,0,0,0,0,0,0,0,0,0,0,0,0,0,1,0,1,1,Mo-Su 05:00-15:00,coffee_shop,,,0,,,,,,,,,,,,,,2,minim,0,0,0,tidak_ada_rating,0,0.0,4
7134843686,node,cafe,Warkop Rizky,,-7.3158464,112.7646112,Gang Boto Putih,,,,,1,0,0,0,0,1,0,1,0,0,0,0,0,0,0,0,0,0,0,0,1,1,0,0,24/7,coffee_shop,,,0,,,,,,,,,,,,,,3,minim,0,0,0,tidak_ada_rating,0,0.0,6
7137828085,node,cafe,Warkop Pojok Kalijudan,,-7.2636423,112.7735091,Jalan Kalijudan,,,,,1,0,0,0,0,1,0,0,0,0,0,0,0,0,0,0,0,0,0,0,1,0,1,1,Mo-Su 05:00-21:00,friture;coffee_shop,,,0,,,,,,,,,,,,,,2,minim,0,0,0,tidak_ada_rating,0,0.0,4
7137858885,node,cafe,Warkop Yamuri,,-7.2580589,112.7950862,Kalisari,,,,,1,0,0,0,0,1,0,0,0,0,0,0,0,0,0,0,0,0,0,0,1,0,1,1,Mo-Su 05:00-12:00,coffee_shop,,,0,,,,,,,,,,,,,,2,minim,0,0,0,tidak_ada_rating,0,0.0,4
7138038285,node,cafe,Warkop Cak Pur,,-7.2675865,112.7525857,Jalan Gubeng Masjid,,,,,1,0,0,0,0,1,0,0,0,0,0,0,0,0,0,0,0,0,0,0,1,0,1,1,Mo-Su 05:00-17:00,friture;coffee_shop,,,0,,,,,,,,,,,,,,2,minim,0,0,0,tidak_ada_rating,0,0.0,4
7138147286,node,cafe,Warung Giras Pojok PJKA,,-7.2678465,112.752083,Jalan Banda,,,,,1,0,0,0,0,0,0,0,0,0,0,0,0,0,0,0,0,0,0,0,1,0,0,0,,curry;coffee_shop,,,0,,,,,,,,,,,,,,1,tidak_ada_info,0,0,0,tidak_ada_rating,0,0.0,2
7144662387,node,cafe,Warkop Jempol,,-7.2351042,112.7417676,Jalan Songoyudan,,,,,1,0,0,0,0,1,0,0,0,0,0,0,0,0,0,0,0,0,0,0,1,0,0,1,Mo-Sa 05:00-16:00,friture;coffee_shop,,,0,,,,,,,,,,,,,,2,minim,0,0,0,tidak_ada_rating,0,0.0,4
7147640985,node,cafe,Warkop Biru,,-7.281755,112.7218013,Jalan Kupang Gunung Timur V Raya,2a,,,,1,0,0,0,0,1,0,0,0,0,0,0,0,0,0,0,0,0,0,0,1,0,1,1,Mo-Su 06:00-22:00,coffee_shop,,,0,,,,,,,,,,,,,,2,minim,0,0,0,tidak_ada_rating,0,0.0,4
7147775385,node,cafe,Warkop Mbak Lemu,,-7.2792106,112.722699,Jalan Girilaya,,,,,1,0,0,0,0,1,0,0,0,0,0,0,0,0,0,0,0,0,0,0,1,1,0,0,24/7,friture;donut;coffee_shop,,,0,,,,,,,,,,,,,,2,minim,0,0,0,tidak_ada_rating,0,0.0,4
7150269185,node,cafe,Warkop Senpai,,-7.2631366,112.7360677,Jalan Kaliasin Pompa,,,,,1,0,0,0,0,0,0,0,0,0,0,0,0,0,0,0,0,0,0,0,1,0,0,0,,coffee_shop,,,0,,,,,,,,,,,,,,1,tidak_ada_info,0,0,0,tidak_ada_rating,0,0.0,2
7150269186,node,cafe,Warkop Gondrong,,-7.2629504,112.7349903,Jalan Plemahan Gang VI,,,,,1,0,0,0,0,0,0,1,0,0,0,0,0,0,0,0,0,0,0,0,1,0,0,0,,friture;coffee_shop,,,0,,,,,,,,,,,,,,2,minim,0,0,0,tidak_ada_rating,0,0.0,4
7150303385,node,cafe,Warkop Pandawa,,-7.2628433,112.7338679,Jalan Kedung Rukem IV,,,,,1,0,0,0,0,0,0,0,0,0,0,0,0,0,0,0,0,0,0,0,1,0,0,0,,friture;coffee_shop,,,0,,,,,,,,,,,,,,1,tidak_ada_info,0,0,0,tidak_ada_rating,0,0.0,2
7150340285,node,cafe,Warkop Nuryah,,-7.2623887,112.7316936,Jalan Kedung Rukem IV,,,,,1,0,0,0,0,1,0,0,0,0,0,0,0,0,0,0,0,0,0,0,1,0,1,1,Mo-Su 06:00-18:00,friture;cake;donut;coffee_shop,,,0,,,,,,,,,,,,,,2,minim,0,0,0,tidak_ada_rating,0,0.0,4
7155502185,node,cafe,Depot Ko San - Perhimpunan Xiang Qi Pasar Atom,,-7.2418702,112.7448489,Jalan Bunguran,,,,,1,0,0,0,0,1,0,0,0,0,0,0,0,0,0,0,0,0,0,0,1,0,1,1,Mo-Su 10:00-16:00,coffee_shop,,,0,,,,,,,,,,,,,,2,minim,0,0,0,tidak_ada_rating,0,0.0,4
7157928885,node,cafe,Warkop Asik,,-7.2713571,112.7360414,Jalan Kedondong Kidul Gang 3,,,,,1,0,0,0,0,1,0,0,0,0,0,0,0,0,0,0,0,0,0,0,1,0,1,1,"Mo-Su 10:00-17:00, 19:00-22:00",friture;coffee_shop,,,0,,,,,,,,,,,,,,2,minim,0,0,0,tidak_ada_rating,0,0.0,4
7157928985,node,cafe,Warkop Nyamplungan Balokan,,-7.226793,112.7450682,Jalan Nyamplungan Belokan,,,,,1,0,0,0,0,1,0,0,0,0,0,0,0,0,0,0,0,0,0,0,1,0,1,1,Mo-Su 06:00-18:00,coffee_shop,,,0,,,,,,,,,,,,,,2,minim,0,0,0,tidak_ada_rating,0,0.0,4
7157929085,node,cafe,Warkop Sarkam,,-7.2316659,112.7439738,Jalan Nyamplungan,,,,,1,0,0,0,0,1,0,0,0,0,0,0,0,0,0,0,0,0,0,0,1,1,0,0,24/7,cake;coffee_shop,,,0,,,,,,,,,,,,,,2,minim,0,0,0,tidak_ada_rating,0,0.0,4
7158219585,node,cafe,Warkop Pojok Legendaris,,-7.2741065,112.7274523,Jalan Pandegiling,,,,,1,0,0,0,0,1,0,1,0,0,0,0,0,0,0,0,0,0,0,0,1,1,0,0,24/7,coffee_shop,,,0,,,,,,,,,,,,,,3,minim,0,0,0,tidak_ada_rating,0,0.0,6
7158221986,node,cafe,Warkop Pancar,,-7.2744646,112.7291202,Jalan Pandegiling,,,,,1,0,0,0,0,1,0,0,0,0,0,0,0,0,0,0,0,0,0,0,1,1,0,0,24/7,coffee_shop,,,0,,,,,,,,,,,,,,2,minim,0,0,0,tidak_ada_rating,0,0.0,4
7158258285,node,cafe,Warkop Simpang,,-7.2624443,112.7408814,Jalan Tunjungan,,,,,1,0,0,0,0,1,0,0,0,0,0,0,0,0,0,0,0,0,0,0,1,0,0,1,Mo-Sa 08:00-16:00,coffee_shop,,,0,,,,,,,,,,,,,,2,minim,0,0,0,tidak_ada_rating,0,0.0,4
7158260585,node,cafe,Warkop Pojok Blauran,,-7.2582004,112.733109,Jalan Blauran,,,,,1,0,0,0,0,1,0,0,0,0,0,0,0,0,0,0,0,0,0,0,1,0,1,1,Mo-Su 09:00-18:00,coffee_shop,,,0,,,,,,,,,,,,,,2,minim,0,0,0,tidak_ada_rating,0,0.0,4
7174515385,node,cafe,Kafeku,,-7.2427287,112.7382911,Jalan Veteran,2,,,,1,0,0,0,0,1,0,0,0,0,0,0,0,0,0,0,0,0,0,0,1,0,0,1,Mo-Sa 10:00-16:00,coffee_shop,,,0,,,,,,,,,,,,,,2,minim,0,0,0,tidak_ada_rating,0,0.0,4
7252030485,node,cafe,,,-7.2508696,112.7275728,Jalan Margorukun II,,,,,0,0,0,0,0,1,0,0,0,0,0,0,0,0,0,0,0,0,0,0,1,0,1,1,Mo-Su 05:00-18:00,coffee_shop,,,0,,,,,,,,,,,,,,1,tidak_ada_info,0,0,0,tidak_ada_rating,0,0.0,2
7256792485,node,cafe,Warkop Amari,,-7.2258327,112.7410025,Jalan Sukodono V,,,,,1,0,0,0,0,1,0,0,0,0,0,0,0,0,0,0,0,0,0,0,1,0,1,1,Mo-Su 06:00-18:00,coffee_shop,,,0,,,,,,,,,,,,,,2,minim,0,0,0,tidak_ada_rating,0,0.0,4
7256994887,node,cafe,Warkop Mbah Holil,,-7.2395382,112.7616577,Jalan Sidoyoso Wetan,30,,,,1,0,0,0,0,0,0,1,0,0,0,0,0,0,0,0,0,0,0,0,1,0,0,0,,coffee_shop,,,0,,,,,,,,,,,,,,2,minim,0,0,0,tidak_ada_rating,0,0.0,4
7275860085,node,cafe,Warkop Bu Umi,,-7.2522846,112.7154832,Jalan Asem Raya,,,,,1,0,0,0,0,1,0,0,0,0,0,0,0,0,0,0,0,0,0,0,1,0,1,1,Mo-Su 05:00-18:00,indonesian;coffee_shop,,,0,,,,,,,,,,,,,,2,minim,0,0,0,tidak_ada_rating,0,0.0,4
7286990885,node,cafe,Warkop Cita Rasa,,-7.2620044,112.6928389,Jalan Tanjungsari IV,,,,,1,0,0,0,0,1,0,0,0,0,0,0,0,0,0,0,0,0,0,0,1,0,1,1,Mo-Su 06:00-18:00,,,,0,,,,,,,,,,,,,,2,minim,0,0,0,tidak_ada_rating,0,0.0,4
7286991985,node,cafe,Warkop Cita Rasa,,-7.262042,112.693116,Jalan Tanjungsari IV,,,,,1,0,0,0,0,0,0,0,0,0,0,0,0,0,0,0,0,0,0,0,1,0,0,0,,,,,0,,,,,,,,,,,,,,1,tidak_ada_info,0,0,0,tidak_ada_rating,0,0.0,2
7330332685,node,cafe,Warkop Pak Yono,,-7.2820524,112.7704322,Jalan Mleto Gang Pasar,,,,,1,0,0,0,0,1,0,0,0,0,0,0,0,0,0,0,0,0,0,0,1,0,1,1,Mo-Su 05:00-17:00,,,,0,,,,,,,,,,,,,,2,minim,0,0,0,tidak_ada_rating,0,0.0,4
7797720685,node,cafe,Warkop Cak Syaiful,,-7.234353,112.6109767,Jalan Raya Benowo,,,,,1,0,0,0,0,1,0,0,0,0,0,0,0,0,0,0,0,0,0,0,1,0,1,1,Mo-Su 05:00-10:00,coffee_shop,,,0,,,,,,,,,,,,,,2,minim,0,0,0,tidak_ada_rating,0,0.0,4
7797730885,node,cafe,Warkop Murni,,-7.2307017,112.6100446,Jalan Singapur,,,,,1,0,0,0,0,1,0,0,0,0,0,0,0,0,0,0,0,0,0,0,1,0,1,1,Mo-Su 07:00-22:00,,,,0,,,,,,,,,,,,,,2,minim,0,0,0,tidak_ada_rating,0,0.0,4
7824596487,node,cafe,Warkop Pak Sapik,,-7.2728312,112.766395,Jalan Jojoran I,,,,,1,0,0,0,0,1,0,0,0,0,0,0,0,0,0,0,0,0,0,0,1,0,1,1,Mo-Su 05:00-21:00,tea;friture;donut;coffee_shop,,,0,,,,,,,,,,,,,,2,minim,0,0,0,tidak_ada_rating,0,0.0,4
7857864985,node,cafe,Warkop 5758 Maju Mapan,,-7.2333855,112.7734491,Jalan Bulak Rukem Timur 2,,,,,1,0,0,0,0,1,0,0,0,0,0,0,0,0,0,0,0,0,0,0,1,0,1,1,Mo-Su 05:00-18:00,coffee_shop,,,0,,,,,,,,,,,,,,2,minim,0,0,0,tidak_ada_rating,0,0.0,4
7874257285,node,cafe,Warkop Tin,,-7.2286159,112.7347381,Jalan Kebalen Barat,47,,,,1,0,0,0,0,1,0,0,0,0,0,0,0,0,0,0,0,0,0,0,1,0,1,1,Mo-Su 06:00-18:00,friture;donut;coffee_shop,,,0,,,,,,,,,,,,,,2,minim,0,0,0,tidak_ada_rating,0,0.0,4
7948007285,node,cafe,Warkop 83 (Pasar Malam Kodam),,-7.2995786,112.7246988,Jalan Raden Wijaya,,,,,1,0,0,0,0,1,0,0,0,0,0,0,0,0,0,0,0,0,0,0,1,0,1,1,Mo-Su 17:00-23:00,,,,0,,,,,,,,,,,,,,2,minim,0,0,0,tidak_ada_rating,0,0.0,4
7972072185,node,cafe,Warkop Pak Cobra,,-7.310712,112.7758786,Jalan Kedung Baruk,41,,,,1,0,0,0,0,1,0,0,0,0,0,0,1,0,0,0,0,0,0,0,1,0,1,1,Mo-Su 06:00-18:00,breakfast;coffee_shop;donut;friture,,,0,,,,,,,,,,,,,,2,minim,0,0,0,tidak_ada_rating,0,0.0,4
7975327585,node,cafe,Warkop Cak Di Rusun Sumbo,,-7.2340049,112.7472056,Jalan Sombo,,,,,1,0,0,0,0,1,0,0,0,0,0,0,0,0,0,0,0,0,0,0,1,0,1,1,Mo-Su 05:00-21:00,,,,0,,,,,,,,,,,,,,2,minim,0,0,0,tidak_ada_rating,0,0.0,4
7983244585,node,cafe,Warkop Sakrun,,-7.2393056,112.7186423,Jalan Dupak Bangunsari Tengah,,,,,1,0,0,0,0,1,0,0,0,0,0,0,0,0,0,0,0,0,0,0,1,1,0,0,24/7,cake;coffee_shop;donut;friture,,,0,,,,,,,,,,,,,,2,minim,0,0,0,tidak_ada_rating,0,0.0,4
7987809885,node,cafe,Warkop Agus,,-7.2740022,112.7434093,Jalan Keputran,,,,,1,0,0,0,0,1,0,0,0,0,0,0,0,0,0,0,0,0,0,0,1,0,1,1,Mo-Su 14:00-00:00,cake;coffee_shop;friture,,,0,,,,,,,,,,,,,,2,minim,0,0,0,tidak_ada_rating,0,0.0,4
7991989466,node,cafe,Angkringan & Cafe Basecamp 17,,-7.299597,112.7680066,Jalan Nginden Semolo,45,,,60118,1,0,0,0,0,1,0,1,0,0,0,0,0,0,0,0,0,1,0,0,1,0,0,1,Mo-Sa 10:00-21:00,coffee_shop;sandwich;chicken;asian,,,0,,,,,,,,,,,,,,3,minim,0,0,0,tidak_ada_rating,0,0.0,6
7996249986,node,cafe,Warung Pojok Maimona,,-7.2470734,112.7135272,Jalan Dupak Rukun Pasar Loak,,,,,1,0,0,0,0,1,0,0,0,0,0,0,0,0,0,0,0,0,0,0,1,0,1,1,Mo-Su 06:00-15:00,cake;chicken;coffee_shop;curry;friture;local,,,0,,,,,,,,,,,,,,2,minim,0,0,0,tidak_ada_rating,0,0.0,4
8001751587,node,cafe,Warkop Alin Gondrong,,-7.3261931,112.6736755,Jalan Sumur Welut,,,,,1,0,0,0,0,1,0,0,0,0,0,0,0,0,0,0,0,0,0,0,1,0,1,1,Mo-Su 06:00-18:00,coffee_shop;donut;friture,,,0,,,,,,,,,,,,,,2,minim,0,0,0,tidak_ada_rating,0,0.0,4
8008155085,node,cafe,Warkop Subur,,-7.2944064,112.7461734,Jalan Ngagel Rejo Utara VI,,,,,1,0,0,0,0,1,0,0,0,0,0,0,0,0,0,0,0,0,0,0,1,0,1,1,Mo-Su 05:00-16:00,,,,0,,,,,,,,,,,,,,2,minim,0,0,0,tidak_ada_rating,0,0.0,4
8436709717,node,cafe,Warkop Mbak Jum,,-7.2348749,112.7422693,Jalan Gili VI,,,,,1,0,0,0,0,1,0,0,0,0,0,0,0,0,0,0,0,0,0,0,1,0,0,1,Mo-Sa 06:00-16:00,asian;breakfast;cake;chicken;coffee_shop;friture;local,,,0,,,,,,,,,,,,,,2,minim,0,0,0,tidak_ada_rating,0,0.0,4
8495734017,node,cafe,Warkop Pak To,,-7.2351188,112.7418284,Jalan Songoyudan,,,,,1,0,0,0,0,1,0,0,0,0,0,0,0,0,0,0,0,0,0,0,1,0,0,1,Mo-Sa 05:00-16:00,,,,0,,,,,,,,,,,,,,2,minim,0,0,0,tidak_ada_rating,0,0.0,4
8502106017,node,cafe,Warkop Gadex,,-7.2333039,112.7264067,Jalan Gresik,,,,,1,0,0,0,0,1,0,0,0,0,0,0,0,0,0,0,0,0,0,0,1,0,1,1,Mo-Su 06:00-11:00,,,,0,,,,,,,,,,,,,,2,minim,0,0,0,tidak_ada_rating,0,0.0,4
8508756917,node,cafe,Warkop Pak Ponirin,,-7.2441565,112.7323458,Jalan Dupak Magersari III,,,,,1,0,0,0,0,1,0,0,0,0,0,0,0,0,0,0,0,0,0,0,1,0,1,1,Mo-Su 06:00-20:00,,,,0,,,,,,,,,,,,,,2,minim,0,0,0,tidak_ada_rating,0,0.0,4
8555556719,node,cafe,Abu Mahri (Kopi Kampoeng Arab),,-7.2266303,112.7464312,Jalan Sidorame,77,,,,1,0,0,0,0,1,0,0,0,0,0,0,0,0,0,0,0,0,0,0,1,0,1,1,Mo-Su 10:00-17:00,,,,0,,,,,,,,,,,,,,2,minim,0,0,0,tidak_ada_rating,0,0.0,4
8568915217,node,cafe,Warkop Bagio,,-7.2526233,112.7288868,Jalan Semarang,,,,,1,0,0,0,0,1,0,0,0,0,0,0,0,0,0,0,0,0,0,0,1,0,1,1,Mo-Su 18:00-05:00,cake;coffee_shop;friture,,,0,,,,,,,,,,,,,,2,minim,0,0,0,tidak_ada_rating,0,0.0,4
9012973317,node,cafe,Warkop Palapa,,-7.2413053,112.7560071,Jalan Kenjeran IV,,,,,1,0,0,0,0,1,0,0,0,0,0,0,0,0,0,0,0,0,0,0,1,0,1,1,Mo-Su 05:00-17:00,cake;coffee_shop,,,0,,,,,,,,,,,,,,2,minim,0,0,0,tidak_ada_rating,0,0.0,4
9152502969,node,cafe,GIRAS BERSATU REVO 99,,-7.3396385,112.7851322,Gunung Anyar,,,,,1,0,0,0,0,1,0,1,0,0,0,0,0,0,0,0,1,0,0,0,1,0,1,1,Mo-Su 09:00-21:00,coffee_shop,,,0,,,,,,,,,,,,,,3,minim,0,0,0,tidak_ada_rating,0,0.0,6
9218740417,node,cafe,Warkop Buk Niroh,,-7.2399825,112.7161461,Jalan Rusun Dupak Bangunrejo II,,,,,1,0,0,0,0,1,0,1,0,0,0,0,0,0,0,0,0,0,0,0,1,0,1,1,Mo-Su 05:00-13:00,coffee_shop;friture,,,0,,,,,,,,,,,,,,3,minim,0,0,0,tidak_ada_rating,0,0.0,6
9599404615,node,cafe,Mexicola,,-7.2801788,112.8045749,,,,,,1,0,0,0,0,0,0,0,0,0,0,0,0,0,0,0,0,0,0,0,1,0,0,0,,,,,0,,,,,,,,,,,,,,1,tidak_ada_info,0,0,0,tidak_ada_rating,0,0.0,2
10129447477,node,cafe,1UP Kitchen,,-7.2863144,112.6556973,Jalan Niagara Gapura,,,,60217,1,1,0,0,0,1,0,1,0,0,0,0,0,0,0,0,1,0,0,0,1,0,1,1,Mo-Su 10:00-22:00,chinese;japanese;chicken;asian;korean;international,,,0,,,,,,,,,,,,,,4,minim,0,0,0,tidak_ada_rating,0,0.0,8
10139441848,node,cafe,Tanamera Coffee & Roastery Trunojoyo,,-7.2846363,112.7350704,,,,,,1,0,0,0,0,0,0,0,0,0,0,0,0,0,0,0,0,0,0,0,1,0,0,0,,,,,0,,,,,,,,,,,,,,1,tidak_ada_info,0,0,0,tidak_ada_rating,0,0.0,2
10142198066,node,cafe,Toko Kopi Padma,,-7.2587211,112.7383317,,,,,,1,0,0,0,0,0,0,0,0,0,0,0,0,0,0,0,0,0,0,0,1,0,0,0,,coffee_shop,,,0,,,,,,,,,,,,,,1,tidak_ada_info,0,0,0,tidak_ada_rating,0,0.0,2
10554645106,node,cafe,Toby's Estate La Viz,,-7.289331,112.6738712,,PM Home Pro Ground Floor,,,60213,1,1,0,0,0,0,0,1,0,0,0,0,0,1,0,0,1,1,0,0,1,0,0,0,,western;coffee_shop;restaurant,,,1,,,,,,,,,,,,,,3,minim,0,0,1,tidak_ada_rating,0,0.0,6
10774732097,node,cafe,Loko,,-7.2655817,112.7524654,,,,,,1,0,0,0,0,0,0,0,0,0,0,0,0,0,0,0,0,0,0,0,1,0,0,0,,,,,0,,,,,,,,,,,,,,1,tidak_ada_info,0,0,0,tidak_ada_rating,0,0.0,2
11033768343,node,cafe,Starbucks,,-7.2925713,112.7198711,,,,,,1,0,0,0,0,0,0,0,0,1,0,0,0,1,0,0,0,0,0,0,1,0,0,0,,,,,0,,,,,,,,,,,,,,1,tidak_ada_info,0,0,1,tidak_ada_rating,0,0.0,2
11348321169,node,cafe,Good Press and Co,,-7.2668495,112.7490196,,,,,,1,0,0,0,0,0,0,0,0,0,0,0,0,0,0,0,0,0,0,0,1,0,0,0,,,,,0,,,,,,,,,,,,,,1,tidak_ada_info,0,0,0,tidak_ada_rating,0,0.0,2
11609752540,node,cafe,Salt & Sugar Cafe and Bistro,,-7.3226777,112.7421007,Jalan Raya Jemursari,69,,,60237,1,1,1,0,0,1,0,0,0,0,0,0,0,0,0,0,0,0,0,0,1,0,1,1,Mo-Su 10:00-21:15,coffee_shop;burger,,,0,,,,,,,,,,,,,,4,minim,1,0,0,tidak_ada_rating,0,0.0,8
11733317569,node,cafe,Warkop Buk Niroh,,-7.2399643,112.7161378,Jalan Rusun Dupak Bangunrejo II,,,,,1,0,0,0,0,1,0,1,0,0,0,0,0,0,0,0,0,0,0,0,1,0,1,1,Mo-Su 05:00-13:00,cake;donut;friture,,,0,,,,,,,,,,,,,,3,minim,0,0,0,tidak_ada_rating,0,0.0,6
11733317572,node,cafe,Warkop,,-7.2409355,112.7337958,Jalan Krembangan Barat,3,,,,1,0,0,0,0,1,0,0,0,0,0,0,0,0,0,0,0,0,0,0,1,0,0,1,Mo-Sa 06:00-15:00,,,,0,,,,,,,,,,,,,,2,minim,0,0,0,tidak_ada_rating,0,0.0,4
11733317673,node,cafe,Warkop Sur,,-7.2281301,112.7362223,Jalan Muteran III,23,,,,1,0,0,0,0,0,0,0,0,0,0,0,0,0,0,0,0,0,0,0,1,0,0,0,,,,,0,,,,,,,,,,,,,,1,tidak_ada_info,0,0,0,tidak_ada_rating,0,0.0,2
11733317680,node,cafe,Warkop Ambon Mama Ilona,,-7.2375225,112.7328035,Ketumbar,4,,,,1,0,0,0,0,0,0,0,0,0,0,0,0,0,0,0,0,0,0,0,1,0,0,0,,,,,0,,,,,,,,,,,,,,1,tidak_ada_info,0,0,0,tidak_ada_rating,0,0.0,2
11733317775,node,cafe,Warkop Magupa,,-7.2307317,112.7317029,Jalan Indrapura Pasar,,,,,1,0,0,0,0,0,0,0,0,0,0,0,0,0,0,0,0,0,0,0,1,0,0,0,,,,,0,,,,,,,,,,,,,,1,tidak_ada_info,0,0,0,tidak_ada_rating,0,0.0,2
11733317973,node,cafe,Warkop Pojok Krembangan,,-7.2349903,112.7331978,Jalan Krembangan Besar,,,,,1,0,0,0,0,0,0,0,0,0,0,0,0,0,0,0,0,0,0,0,1,0,0,0,,,,,0,,,,,,,,,,,,,,1,tidak_ada_info,0,0,0,tidak_ada_rating,0,0.0,2
11733317984,node,cafe,Warkop Kebalen Wetan 3,,-7.2276416,112.7350109,Jalan Kebalen Wetan III,,,,,1,0,0,0,0,0,0,0,0,0,0,0,0,0,0,0,0,0,0,0,1,0,0,0,,,,,0,,,,,,,,,,,,,,1,tidak_ada_info,0,0,0,tidak_ada_rating,0,0.0,2
11780266827,node,cafe,kafe,,-7.2490839,112.7535738,,,,,,1,0,0,0,0,0,0,0,0,0,0,0,0,0,0,0,0,0,0,0,1,0,0,0,,,,,0,,,,,,,,,,,,,,1,tidak_ada_info,0,0,0,tidak_ada_rating,0,0.0,2
11984937195,node,cafe,Ultra Coffee,,-7.2916881,112.729668,,,,,,1,0,0,0,0,0,0,0,0,0,0,0,0,0,0,0,0,0,0,0,1,0,0,0,,,,,0,,,,,,,,,,,,,,1,tidak_ada_info,0,0,0,tidak_ada_rating,0,0.0,2
12012456804,node,cafe,Warkop DankDut,,-7.2690545,112.7443616,,,,,,1,0,0,0,0,0,0,0,0,0,0,0,0,0,0,0,0,0,0,0,1,0,0,0,,,,,0,,,,,,,,,,,,,,1,tidak_ada_info,0,0,0,tidak_ada_rating,0,0.0,2
12211251378,node,cafe,Warkop Budal Mulih,,-7.3016779,112.7622739,Jalan Raya Nginden,35-37,,Nginden Jangkungan,60118,1,0,1,0,0,1,0,1,0,0,0,0,0,0,0,0,1,0,0,0,1,1,0,0,24/7,coffee_shop;tea;noodle;regional;soup;pasta;chicken;kebab,,,0,,,,,,,,,,,,,,4,minim,1,0,0,tidak_ada_rating,0,0.0,8
12215189327,node,cafe,Bubu Oriental,,-7.2575058,112.7376583,,,,,,1,0,0,0,0,0,0,0,0,0,0,0,0,0,0,0,0,0,0,0,1,0,0,0,,coffee_shop,,,0,,,,,,,,,,,,,,1,tidak_ada_info,0,0,0,tidak_ada_rating,0,0.0,2
12215189328,node,cafe,Phermitage,,-7.2576123,112.737729,,,,,,1,0,0,0,0,0,0,0,0,0,0,0,0,0,0,0,0,0,0,0,1,0,0,0,,coffee_shop,,,0,,,,,,,,,,,,,,1,tidak_ada_info,0,0,0,tidak_ada_rating,0,0.0,2
12215189330,node,cafe,Ludic,,-7.2577201,112.7377921,,,,,,1,0,0,0,0,0,0,0,0,0,0,0,0,0,0,0,0,0,0,0,1,0,0,0,,,,,0,,,,,,,,,,,,,,1,tidak_ada_info,0,0,0,tidak_ada_rating,0,0.0,2
12215189331,node,cafe,Thirty Three,,-7.2579232,112.737865,,,,,,1,0,0,0,0,0,0,0,0,0,0,0,0,0,0,0,0,0,0,0,1,0,0,0,,,,,0,,,,,,,,,,,,,,1,tidak_ada_info,0,0,0,tidak_ada_rating,0,0.0,2
12215189341,node,cafe,Hoho Coffee,,-7.2595504,112.7387904,,,,,,1,0,0,0,0,0,0,0,0,0,0,0,0,0,0,0,0,0,0,0,1,0,0,0,,,,,0,,,,,,,,,,,,,,1,tidak_ada_info,0,0,0,tidak_ada_rating,0,0.0,2
12215189342,node,cafe,Zerøgram,,-7.2596488,112.7388566,,,,,,1,0,0,0,0,0,0,0,0,0,0,0,0,0,0,0,0,0,0,0,1,0,0,0,,,,,0,,,,,,,,,,,,,,1,tidak_ada_info,0,0,0,tidak_ada_rating,0,0.0,2
12215189345,node,cafe,Piring Seng,,-7.2601788,112.7390788,,,,,,1,0,0,0,0,0,0,0,0,0,0,0,0,0,0,0,0,0,0,0,1,0,0,0,,,,,0,,,,,,,,,,,,,,1,tidak_ada_info,0,0,0,tidak_ada_rating,0,0.0,2
12215189353,node,cafe,Paper Cup,,-7.2607207,112.7395192,,,,,,1,0,0,0,0,0,0,0,0,0,0,0,0,0,0,0,0,0,0,0,1,0,0,0,,,,,0,,,,,,,,,,,,,,1,tidak_ada_info,0,0,0,tidak_ada_rating,0,0.0,2
12215189357,node,cafe,TOMORO Coffee,TOMORO Coffee,-7.2579405,112.7382243,,,,,,1,0,0,0,0,0,0,0,0,0,0,0,0,1,0,0,0,0,0,0,1,0,0,0,,coffee_shop,,,0,,,,,,,,,,,,,,1,tidak_ada_info,0,0,1,tidak_ada_rating,0,0.0,2
12284575449,node,cafe,Warkop Bening,,-7.275014,112.7316495,,,,,,1,0,0,0,0,0,0,0,0,0,0,0,0,0,0,0,0,0,0,0,1,0,0,0,,,,,0,,,,,,,,,,,,,,1,tidak_ada_info,0,0,0,tidak_ada_rating,0,0.0,2
12721862892,node,cafe,BM Coffee,,-7.3264049,112.7808962,Jalan Doktor Insinyur Haji Soekarno,,,,,1,0,0,0,0,0,0,0,0,0,0,0,0,0,0,0,0,0,0,0,1,0,0,0,,,,,0,,,,,,,,,,,,,,1,tidak_ada_info,0,0,0,tidak_ada_rating,0,0.0,2
12721862893,node,cafe,Jokopi,,-7.3260034,112.7808423,Jalan Doktor Insinyur Haji Soekarno,,,,,1,0,0,0,0,0,0,0,0,0,0,0,0,0,0,0,0,0,0,0,1,0,0,0,,,,,0,,,,,,,,,,,,,,1,tidak_ada_info,0,0,0,tidak_ada_rating,0,0.0,2
12726094808,node,cafe,Point Coffee,Point Coffee,-7.3113686,112.6838177,,,,,,1,0,0,0,0,0,0,0,0,0,0,0,0,1,0,0,0,0,0,0,1,0,0,0,,coffee_shop,,,0,,,,,,,,,,,,,,1,tidak_ada_info,0,0,1,tidak_ada_rating,0,0.0,2
12726094819,node,cafe,Excelso,,-7.3110457,112.6822989,,,,,,1,0,0,0,0,0,0,0,0,0,0,0,0,0,0,0,0,0,0,0,1,0,0,0,,coffee_shop,,,0,,,,,,,,,,,,,,1,tidak_ada_info,0,0,0,tidak_ada_rating,0,0.0,2
12726094820,node,cafe,Ada Apa Dengan Kopi?,,-7.310916,112.6813991,,,,,,1,0,0,0,0,0,0,0,0,0,0,0,0,0,0,0,0,0,0,0,1,0,0,0,,coffee_shop,,,0,,,,,,,,,,,,,,1,tidak_ada_info,0,0,0,tidak_ada_rating,0,0.0,2
12726094846,node,cafe,Starbucks,Starbucks,-7.3104757,112.6793363,,,,,,1,0,0,0,0,0,0,0,0,0,0,0,0,1,0,0,0,0,0,0,1,0,0,0,,coffee_shop,,,0,,,,,,,,,,,,,,1,tidak_ada_info,0,0,1,tidak_ada_rating,0,0.0,2
12726094849,node,cafe,Kopi Kenangan,Kopi Kenangan,-7.3110812,112.6789735,,,,,,1,0,0,0,0,0,0,0,0,0,0,1,0,1,0,0,0,0,0,0,1,0,0,0,,coffee_shop,,,0,,,,,,,,,,,,,,1,tidak_ada_info,0,0,1,tidak_ada_rating,0,0.0,2
13390448301,node,cafe,Warkop Berkah Sedulurans,,-7.3403642,112.7179843,"Jl. Raya Wisma Pagesangan No.7, RT.007/RW.04, Menanggal, Kec. Jambangan, Surabaya",,,,60233,1,0,0,0,0,1,0,1,0,0,0,0,0,0,0,0,0,0,0,0,1,1,0,0,24/7,,,,0,,,,,,,,,,,,,,3,minim,0,0,0,tidak_ada_rating,0,0.0,6
13415197802,node,cafe,Zerogram Kota Lama,,-7.236847,112.7370407,,,,,,1,0,0,0,0,0,0,0,0,0,0,0,0,0,0,0,0,0,0,0,1,0,0,0,,,,,0,,,,,,,,,,,,,,1,tidak_ada_info,0,0,0,tidak_ada_rating,0,0.0,2
13475865701,node,cafe,Kafe Sarvatra,,-7.3052175,112.7538298,Jalan Sidoresmo VII,,,,,1,0,0,0,0,1,0,1,0,0,0,0,0,0,0,0,0,0,0,0,1,0,1,1,Mo-Su 09:00-20:00,coffee_shop;tea,,,0,,,,,,,,,,,,,,3,minim,0,0,0,tidak_ada_rating,0,0.0,6
13534220354,node,cafe,Toko Kopi TUKU - SPBU bp Gubeng,,-7.2729017,112.7476864,,,,,,1,0,1,0,0,1,0,0,0,1,0,0,0,1,0,0,1,0,1,0,1,0,1,1,Mo-Su 07:00-21:00,coffee_shop,,,0,,,,,,,,,,,,,,3,minim,1,1,1,tidak_ada_rating,0,0.0,6
13534229567,node,cafe,Toko Kopi TUKU - Margorejo,Toko Kopi TUKU,-7.3183613,112.7441672,Jalan Margorejo Indah,,,Margorejo,60238,1,0,1,0,0,1,0,0,0,1,1,0,0,0,1,0,1,0,1,0,1,0,1,1,Mo-Su 07:00-21:00,coffee_shop,,,1,,,,,,,,,,,,,,4,minim,1,1,1,tidak_ada_rating,0,0.0,8
13609168202,node,cafe,Roti'O,,-7.2649848,112.7520111,,,,,,1,0,0,0,0,0,0,0,0,0,0,0,0,0,0,0,0,0,0,0,1,0,0,0,,,,,0,,,,,,,,,,,,,,1,tidak_ada_info,0,0,0,tidak_ada_rating,0,0.0,2
13609176401,node,cafe,Point Coffee,,-7.2650502,112.7520012,,,,,,1,0,0,0,0,0,0,0,0,0,0,0,0,0,0,0,0,0,0,0,1,0,0,0,,,,,0,,,,,,,,,,,,,,1,tidak_ada_info,0,0,0,tidak_ada_rating,0,0.0,2
13609195201,node,cafe,Slow Bar Coffee,,-7.2614241,112.7475204,,,,,,1,0,0,0,0,0,0,0,0,0,0,0,0,0,0,0,0,0,0,0,1,0,0,0,,,,,0,,,,,,,,,,,,,,1,tidak_ada_info,0,0,0,tidak_ada_rating,0,0.0,2
13609357641,node,cafe,Sama Koffie,,-7.2652172,112.7573746,Jalan Profesor Doktor Moestopo,,,,,1,1,1,0,0,1,0,1,0,0,0,0,0,0,0,0,1,0,0,0,1,0,0,1,Mo-Fr 12:00-20.00,coffee_shop,,,0,,,,,,,,,,,,,,5,cukup_lengkap,1,0,0,tidak_ada_rating,0,0.0,10
13677686501,node,cafe,Kantin PENS,,-7.2769599,112.7942646,,,,,,1,0,0,0,0,0,0,0,0,0,0,0,0,0,0,0,0,0,0,0,1,0,0,0,,,,,0,,,,,,,,,,,,,,1,tidak_ada_info,0,0,0,tidak_ada_rating,0,0.0,2
13695417902,node,cafe,Warkop Titik Kumpul Kopi (TKK),,-7.312957,112.709172,Jl. Raya Menganti No.4,,,,,1,0,0,0,0,1,0,1,0,0,0,0,0,0,0,0,0,0,0,0,1,1,0,0,24/7,,,,0,,,,,,,,,,,,,,3,minim,0,0,0,tidak_ada_rating,0,0.0,6
307346894,way,cafe,Medicine Cafe,,-7.2653731,112.7597966,,,,,,1,0,0,0,0,0,0,0,0,0,0,0,0,0,0,0,0,0,0,0,1,0,0,0,,,,,0,,,,,,,,,,,,,,1,tidak_ada_info,0,0,0,tidak_ada_rating,0,0.0,2
314361483,way,cafe,PKL Gunungsari 1,,-7.2995797,112.7325552,,,,,,1,0,0,0,0,0,0,0,0,0,0,0,0,0,0,0,0,0,0,0,1,0,0,0,,,,,0,,,,,,,,,,,,,,1,tidak_ada_info,0,0,0,tidak_ada_rating,0,0.0,2
371708393,way,cafe,Coffee Toffee,,-7.2707334,112.7567887,,,,,,1,0,0,0,0,0,0,0,0,0,0,0,0,0,0,0,0,0,0,0,1,0,0,0,,,,,0,,,,,,,,,,,,,,1,tidak_ada_info,0,0,0,tidak_ada_rating,0,0.0,2
423209899,way,cafe,Coffee Toffee,,-7.2638934,112.7434074,Jalan Raya Dharma Husada,No.181,,,60271,1,0,0,0,0,0,0,0,0,0,0,0,0,0,0,0,0,0,0,0,1,0,0,0,,,,,0,,,,,,,,,,,,,,1,tidak_ada_info,0,0,0,tidak_ada_rating,0,0.0,2
426896979,way,cafe,Starbucks,Starbucks,-7.2720932,112.7489729,Jalan Gubeng,33,,,,1,0,0,0,0,1,0,1,0,0,0,0,0,1,0,0,1,0,0,0,1,0,1,1,"Mo-Th 07:00-23:00, Fr-Su 07:00-23:59",coffee_shop,,,0,,,,,,,,,,,,,,3,minim,0,0,1,tidak_ada_rating,0,0.0,6
429000476,way,cafe,Excelso,,-7.2768166,112.749421,,,,,,1,0,0,0,0,0,0,0,0,0,0,0,0,0,0,0,0,0,0,0,1,0,0,0,,,,,0,,,,,,,,,,,,,,1,tidak_ada_info,0,0,0,tidak_ada_rating,0,0.0,2
447125584,way,cafe,Unicorn,,-7.2817878,112.7840903,,,,,,1,0,0,0,0,0,0,0,0,0,0,0,0,0,0,0,0,0,0,0,1,0,0,0,,,,,0,,,,,,,,,,,,,,1,tidak_ada_info,0,0,0,tidak_ada_rating,0,0.0,2
447125931,way,cafe,SAS Cafe & Resto,,-7.2701424,112.7985575,,,,,,1,0,0,0,0,0,0,0,0,0,0,0,0,0,0,0,0,0,0,0,1,0,0,0,,,,,0,,,,,,,,,,,,,,1,tidak_ada_info,0,0,0,tidak_ada_rating,0,0.0,2
447611744,way,cafe,Oost Koffie & Thee,,-7.2635666,112.7675936,Jalan Kaliwaron,60,,,60281,1,0,0,0,0,0,0,0,0,0,0,0,0,0,0,0,0,0,0,0,1,0,0,0,,,,,0,,,,,,,,,,,,,,1,tidak_ada_info,0,0,0,tidak_ada_rating,0,0.0,2
459952874,way,cafe,Kopisae,,-7.3395444,112.7739419,,,,,,1,0,0,0,0,0,0,0,0,0,0,0,0,0,0,0,0,0,0,0,1,0,0,0,,,,,0,,,,,,,,,,,,,,1,tidak_ada_info,0,0,0,tidak_ada_rating,0,0.0,2
468207974,way,cafe,Starbucks,Starbucks,-7.2934107,112.7597588,,,,,,1,0,0,0,0,0,0,1,0,0,0,0,0,1,0,0,1,0,0,0,1,0,0,0,,coffee_shop,,,0,,,,,,,,,,,,,,2,minim,0,0,1,tidak_ada_rating,0,0.0,4
727358815,way,cafe,Diskuupi 102,,-7.3203883,112.7646828,Jalan Tenggilis Mejoyo AI 33,33,,,60293,1,0,1,0,0,0,0,1,0,0,0,0,0,0,1,0,1,0,0,0,1,0,0,0,,coffee_shop;bar,,,0,,,,,,,,,,,,,,3,minim,1,0,1,tidak_ada_rating,0,0.0,6
767949905,way,cafe,TGC,,-7.2644365,112.7418308,,,,,,1,0,0,0,0,0,0,0,0,0,0,0,0,0,0,0,0,0,0,0,1,0,0,0,,,,,0,,,,,,,,,,,,,,1,tidak_ada_info,0,0,0,tidak_ada_rating,0,0.0,2
967062750,way,cafe,"Warung Sedulur Tunggal Kopi ""STK""",,-7.3368777,112.7755593,,,,,,1,0,0,0,0,0,0,0,0,0,0,0,0,0,0,0,0,0,0,0,1,0,0,0,,,,,0,,,,,,,,,,,,,,1,tidak_ada_info,0,0,0,tidak_ada_rating,0,0.0,2
1046394796,way,cafe,Kofibrik Manukan,,-7.2658398,112.6663647,Jalan Manukan Tama,53,,,60185,1,0,0,0,0,1,0,1,0,0,0,0,0,0,0,0,1,0,0,0,1,1,0,0,24/7,coffee_shop;pizza;burger,100,,0,,,,,,,,,,,,,,3,minim,0,0,0,tidak_ada_rating,0,0.0,6
1548354004,node,fast_food,Mr. Jack,,-7.294936,112.767632,Jalan Manyar Rejo III,4,,,,1,1,0,0,0,1,0,0,0,0,0,0,0,0,0,0,0,0,0,0,1,1,0,0,24/7,,,,0,,,,,,,,,,,,,,3,minim,0,0,0,tidak_ada_rating,0,0.0,6
2106529491,node,fast_food,KFC,KFC,-7.2663663,112.7963246,,,,,,1,0,0,0,0,0,0,0,0,0,0,0,0,1,0,0,0,0,0,0,1,0,0,0,,chicken,,,0,,,,,,,,,,,,,,1,tidak_ada_info,0,0,1,tidak_ada_rating,0,0.0,2
2106529511,node,fast_food,McDonald's Mulyosari,,-7.2667319,112.796385,"Komplek Ruko Central Park Surabaya, Jl. Mulyosari",121,,,60112,1,0,0,0,0,0,0,0,0,0,0,0,0,0,0,0,0,0,0,0,1,0,0,0,,,,,0,,,,,,,,,,,,,,1,tidak_ada_info,0,0,0,tidak_ada_rating,0,0.0,2
4187560888,node,fast_food,A&W Tamansari Papilio,,-7.3310943,112.7302842,Jl. Jend. A. Yani,,,,60235,1,0,0,0,0,0,0,0,0,0,0,0,0,0,0,0,0,0,0,0,1,0,0,0,,,,,0,,,,,,,,,,,,,,1,tidak_ada_info,0,0,0,tidak_ada_rating,0,0.0,2
4187560940,node,fast_food,A&W Puri Mas,,-7.3323912,112.7853387,Jl. Kolonel I Gusti Ngurah Rai,,,,60294,1,0,0,0,0,0,0,0,0,0,0,0,0,0,0,0,0,0,0,0,1,0,0,0,,,,,0,,,,,,,,,,,,,,1,tidak_ada_info,0,0,0,tidak_ada_rating,0,0.0,2
4188724989,node,fast_food,Mie Ayam Lumayan,,-7.325668,112.7755186,Jl. Rungkut Asri,,,,,1,0,0,0,0,0,0,0,0,0,0,0,0,0,0,0,0,0,0,0,1,0,0,0,,,,,0,,,,,,,,,,,,,,1,tidak_ada_info,0,0,0,tidak_ada_rating,0,0.0,2
4189165836,node,fast_food,KFC Adityawarman,,-7.2946518,112.7317307,Jl. Adityawarman,"G34-G45,",,,60243,1,0,0,0,0,0,0,0,0,0,0,0,0,0,0,0,0,0,0,0,1,0,0,0,,chicken,,,0,,,,,,,,,,,,,,1,tidak_ada_info,0,0,0,tidak_ada_rating,0,0.0,2
4191209387,node,fast_food,Carl's Jr.,Carl's Jr.,-7.2801553,112.7745969,Jalan Raya Kertajaya Indah Blok F,No. 312,,,60115,1,0,0,0,0,1,0,1,0,0,0,0,0,1,0,0,1,0,0,0,1,0,0,1,07:00-23:00,burger,,,0,,,,,,,,,,,,,,3,minim,0,0,1,tidak_ada_rating,0,0.0,6
4191459251,node,fast_food,McDonald's Mayjen Sungkono,,-7.2887219,112.7065387,Jalan Mayjend Sungkono,153,,,60188,1,0,1,0,0,0,0,0,0,0,0,0,0,1,0,0,0,0,0,0,1,0,0,0,,burger,,,0,,,,,,,,,,,,,,2,minim,1,0,1,tidak_ada_rating,0,0.0,4
4192852886,node,fast_food,Dunkin',Dunkin',-7.2655282,112.7526625,Jl. Stasiun Gubeng,,,,60131,1,0,0,0,0,0,0,0,0,0,0,0,0,1,0,0,0,0,0,0,1,0,0,0,,donut;coffee_shop,,,0,,,,,,,,,,,,,,1,tidak_ada_info,0,0,1,tidak_ada_rating,0,0.0,2
4476559098,node,fast_food,McDonald's - Graha Famili,McDonald's,-7.2882105,112.6787949,,,,,,1,0,1,0,0,1,0,0,0,0,0,0,0,1,1,1,0,0,0,0,1,1,0,0,24/7,burger,,,0,,,,,,,,,,,,,,3,minim,1,0,1,tidak_ada_rating,0,0.0,6
4516863477,node,fast_food,KFC,KFC,-7.27931,112.7297059,,,,,,1,0,0,0,0,0,0,0,0,0,0,0,0,1,0,0,0,0,0,0,1,0,0,0,,chicken,,,0,,,,,,,,,,,,,,1,tidak_ada_info,0,0,1,tidak_ada_rating,0,0.0,2
4723341393,node,fast_food,Burger King,Burger King,-7.2892661,112.6760884,,,,,,1,0,1,0,0,1,0,0,0,0,0,0,0,1,0,0,0,0,0,0,1,0,1,1,Mo-Su 10:00-22:00,burger,,,0,,,,,,,,,,,,,,3,minim,1,0,1,tidak_ada_rating,0,0.0,6
4723346628,node,fast_food,KFC,KFC,-7.2893877,112.6759727,,,,,,1,0,1,0,0,1,0,0,0,0,0,0,0,1,0,0,0,0,0,0,1,0,1,1,Mo-Su 10:00-22:00,chicken,,,0,,,,,,,,,,,,,,3,minim,1,0,1,tidak_ada_rating,0,0.0,6
4746184765,node,fast_food,Carl's Jr.,Carl's Jr.,-7.2953124,112.6760191,,,,,,1,1,1,0,0,1,0,0,0,0,0,0,0,1,0,1,0,0,0,0,1,0,1,1,Mo-Su 08:00-00:00,burger,,,0,,,,,,,,,,,,,,4,minim,1,0,1,tidak_ada_rating,0,0.0,8
4804867099,node,fast_food,Bumbu jawa,,-7.2929396,112.6770363,,,,,,1,0,0,0,0,0,0,0,0,0,0,0,0,0,0,0,0,0,0,0,1,0,0,0,,,,,0,,,,,,,,,,,,,,1,tidak_ada_info,0,0,0,tidak_ada_rating,0,0.0,2
4821881412,node,fast_food,Richeese factory,,-7.2885427,112.6784344,,,,,,1,0,1,0,0,0,0,0,0,0,0,0,0,0,0,0,0,0,0,0,1,0,0,0,,,,,0,,,,,,,,,,,,,,2,minim,1,0,0,tidak_ada_rating,0,0.0,4
4885353021,node,fast_food,McDonald's,McDonald's,-7.2654734,112.7492296,,,,,,1,0,0,0,0,1,0,0,0,0,0,0,0,1,0,0,0,0,0,0,1,1,0,0,24/7,burger,,,0,,,,,,,,,,,,,,2,minim,0,0,1,tidak_ada_rating,0,0.0,4
5031982761,node,fast_food,Djogja,,-7.290215,112.6551272,,,,,,1,1,0,0,0,0,0,0,0,0,0,0,0,0,0,0,0,0,0,0,1,0,0,0,,Indonesian;bakso,,,0,,,,,,,,,,,,,,2,minim,0,0,0,tidak_ada_rating,0,0.0,4
5291378445,node,fast_food,Carl's Jr,,-7.278384,112.7407895,,,,,,1,0,0,0,0,0,0,0,0,0,0,0,0,0,0,0,0,0,0,0,1,0,0,0,,burger,,,0,,,,,,,,,,,,,,1,tidak_ada_info,0,0,0,tidak_ada_rating,0,0.0,2
5295169640,node,fast_food,Depot family,,-7.2925759,112.6766245,,,,,,1,0,0,0,0,0,0,0,0,0,0,0,0,0,0,0,0,0,0,0,1,0,0,0,,indonesian,,,0,,,,,,,,,,,,,,1,tidak_ada_info,0,0,0,tidak_ada_rating,0,0.0,2
5348408546,node,fast_food,Sourrp me,,-7.2914312,112.6548545,,,,,,1,0,0,0,0,0,0,0,0,0,0,0,0,0,0,0,0,0,0,0,1,0,0,0,,,,,0,,,,,,,,,,,,,,1,tidak_ada_info,0,0,0,tidak_ada_rating,0,0.0,2
5348773914,node,fast_food,Sasty,,-7.2937321,112.6765016,,,,,,1,0,1,0,1,1,0,0,0,0,0,0,0,0,0,0,0,0,0,0,1,0,1,1,Mo-Su 17:00-23:00,international,,,0,,,,,,,,,,,,,,4,minim,1,0,0,tidak_ada_rating,0,0.0,8
5348773990,node,fast_food,Kmie,,-7.2936415,112.6765053,,,,,,1,1,1,0,0,0,0,0,0,0,0,0,0,0,0,0,0,0,0,0,1,0,0,0,,korean,,,0,,,,,,,,,,,,,,3,minim,1,0,0,tidak_ada_rating,0,0.0,6
5348773991,node,fast_food,Mr. Big Tummy,,-7.2935458,112.6765046,,,,,,1,0,1,0,0,1,0,0,0,0,0,0,0,0,0,0,0,0,0,0,1,0,1,1,Mo-Su 10:00-22:00,chinese,,,0,,,,,,,,,,,,,,3,minim,1,0,0,tidak_ada_rating,0,0.0,6
5348774774,node,fast_food,,,-7.2939172,112.6764881,,,,,,0,0,0,0,0,0,0,0,0,0,0,0,0,0,0,0,0,0,0,0,1,0,0,0,,,,,0,,,,,,,,,,,,,,0,tidak_ada_info,0,0,0,tidak_ada_rating,0,0.0,0
5348774775,node,fast_food,Pigmalion,,-7.2938117,112.676495,,,,,,1,0,1,0,0,1,0,0,0,0,0,0,0,0,0,0,1,0,0,0,1,0,1,1,Mo-Su 16:00-23:00,pork,,,0,,,,,,,,,,,,,,3,minim,1,0,0,tidak_ada_rating,0,0.0,6
5354542502,node,fast_food,Sissy's kitchen,,-7.2935945,112.6763974,,,,,,1,1,1,0,0,1,0,0,0,0,0,0,0,0,0,0,0,0,0,0,1,0,1,1,Mo-Su 14:00-23:00,,,,0,,,,,,,,,,,,,,4,minim,1,0,0,tidak_ada_rating,0,0.0,8
5651550636,node,fast_food,Burger King,Burger King,-7.2650724,112.7481634,,,,,,1,0,0,0,0,0,0,0,0,0,0,0,0,1,0,0,0,0,0,0,1,0,0,0,,burger,,,0,,,,,,,,,,,,,,1,tidak_ada_info,0,0,1,tidak_ada_rating,0,0.0,2
5897591860,node,fast_food,Texas Chicken,,-7.2808902,112.776812,,,,,,1,0,0,0,0,1,0,1,0,0,0,0,0,1,0,0,0,0,0,0,1,0,0,1,10:00-00:00,american,,,0,,,,,,,,,,,,,,3,minim,0,0,1,tidak_ada_rating,0,0.0,6
5897593890,node,fast_food,KFC,KFC,-7.2806361,112.7698021,,,,,,1,0,0,0,0,1,0,1,0,0,0,0,0,1,1,0,1,0,0,0,1,1,0,0,24/7,chicken,,,0,,,,,,,,,,,,,,3,minim,0,0,1,tidak_ada_rating,0,0.0,6
6296251692,node,fast_food,Burger King,Burger King,-7.3171232,112.7813973,,,,,,1,0,0,0,0,0,0,1,0,0,0,0,0,1,1,0,0,0,0,0,1,0,0,0,,burger,,,0,,,,,,,,,,,,,,2,minim,0,0,1,tidak_ada_rating,0,0.0,4
6417117691,node,fast_food,KFC,KFC,-7.2766546,112.7817097,,,,,,1,0,0,0,0,0,0,0,0,0,0,0,0,1,0,0,0,0,0,0,1,0,0,0,,chicken,,,0,,,,,,,,,,,,,,1,tidak_ada_info,0,0,1,tidak_ada_rating,0,0.0,2
6806679939,node,fast_food,Jank Jank Wings,,-7.2725872,112.7562076,,,,,,1,0,0,0,0,0,0,0,0,0,0,0,0,0,0,0,0,0,0,0,1,0,0,0,,chicken,,,0,,,,,,,,,,,,,,1,tidak_ada_info,0,0,0,tidak_ada_rating,0,0.0,2
6862762513,node,fast_food,Domino's Pizza,Domino's Pizza,-7.2797122,112.7626777,,,,,,1,0,0,0,0,0,0,0,0,0,0,0,0,1,0,0,0,0,0,0,1,0,0,0,,pizza,,,0,,,,,,,,,,,,,,1,tidak_ada_info,0,0,1,tidak_ada_rating,0,0.0,2
6862762514,node,fast_food,Container Kebab,,-7.2796989,112.7627581,,,,,,1,0,0,0,0,0,0,0,0,0,0,0,0,0,0,0,0,0,0,0,1,0,0,0,,kebab,,,0,,,,,,,,,,,,,,1,tidak_ada_info,0,0,0,tidak_ada_rating,0,0.0,2
8186666818,node,fast_food,Domino's Pizza,,-7.2643042,112.7309945,Jalan Kedungdoro,,,,,1,1,1,0,0,0,0,0,0,0,0,0,0,0,0,0,0,0,0,0,1,0,0,0,,pizza,,,0,,,,,,,,,,,,,,3,minim,1,0,0,tidak_ada_rating,0,0.0,6
8186667117,node,fast_food,"Warkop Ambyar ""mas Firman",,-7.3393614,112.7282991,Jalan Menanggal VI,,,,,1,0,0,0,0,0,0,0,0,0,0,0,0,0,0,0,0,0,0,0,1,0,0,0,,coffee_shop;friture,,,0,,,,,,,,,,,,,,1,tidak_ada_info,0,0,0,tidak_ada_rating,0,0.0,2
8503472910,node,fast_food,A&W,A&W,-7.291295,112.6737578,,,,,,1,0,0,0,0,0,0,0,0,1,0,0,0,0,0,0,0,0,0,0,1,0,0,0,,burger;chicken,,,0,,,,,,,,,,,,,,1,tidak_ada_info,0,0,0,tidak_ada_rating,0,0.0,2
9831971685,node,fast_food,McDonald's,McDonald's,-7.3161718,112.7481623,,,,,,1,0,0,0,0,0,0,0,0,0,0,0,0,1,0,0,0,0,0,0,1,0,0,0,,burger,,,0,,,,,,,,,,,,,,1,tidak_ada_info,0,0,1,tidak_ada_rating,0,0.0,2
10247879662,node,fast_food,Bakso Pak Anton,,-7.2740997,112.7866906,,,,,,1,0,0,0,0,0,0,0,0,0,0,0,0,0,0,0,0,0,0,0,1,0,0,0,,,,,0,,,,,,,,,,,,,,1,tidak_ada_info,0,0,0,tidak_ada_rating,0,0.0,2
11365623086,node,fast_food,HokBen Ahmad Yani,,-7.3196308,112.7326136,,,,,,1,0,0,0,0,0,0,0,0,0,0,0,0,0,0,0,0,0,0,0,1,0,0,0,,,,,0,,,,,,,,,,,,,,1,tidak_ada_info,0,0,0,tidak_ada_rating,0,0.0,2
11384811510,node,fast_food,Warung Pecel Murni Madiun,,-7.3386329,112.7295599,,,,,,1,0,0,0,0,0,0,0,0,0,0,0,0,0,0,0,0,0,0,0,1,0,0,0,,,,,0,,,,,,,,,,,,,,1,tidak_ada_info,0,0,0,tidak_ada_rating,0,0.0,2
11738921244,node,fast_food,Burger King - Jemursari,,-7.3131411,112.7567377,,,,,,1,0,0,0,0,0,0,0,0,0,0,0,0,0,0,0,0,0,0,0,1,0,0,0,,,,,0,,,,,,,,,,,,,,1,tidak_ada_info,0,0,0,tidak_ada_rating,0,0.0,2
11738947034,node,fast_food,Yoshinoya - Jemursari,,-7.3129827,112.7567957,,,,,,1,0,0,0,0,0,0,0,0,0,0,0,0,0,0,0,0,0,0,0,1,0,0,0,,,,,0,,,,,,,,,,,,,,1,tidak_ada_info,0,0,0,tidak_ada_rating,0,0.0,2
11738958586,node,fast_food,Domino's Pizza,,-7.312772,112.7569838,,,,,,1,0,0,0,0,0,0,0,0,0,0,0,0,0,0,0,0,0,0,0,1,0,0,0,,,,,0,,,,,,,,,,,,,,1,tidak_ada_info,0,0,0,tidak_ada_rating,0,0.0,2
11843401954,node,fast_food,MI GACOAN,,-7.2576471,112.6722045,,,,,,1,0,0,0,0,0,0,0,0,0,0,0,0,0,0,0,0,0,0,0,1,0,0,0,,noodle,,,0,,,,,,,,,,,,,,1,tidak_ada_info,0,0,0,tidak_ada_rating,0,0.0,2
12215189329,node,fast_food,Alltime Buns,,-7.2575671,112.7376954,,,,,,1,0,0,0,0,0,0,0,0,0,0,0,0,0,0,0,0,0,0,0,1,0,0,0,,burger,,,0,,,,,,,,,,,,,,1,tidak_ada_info,0,0,0,tidak_ada_rating,0,0.0,2
12278713985,node,fast_food,Mr. Suprek,,-7.2800551,112.7559944,,,,,,1,0,0,0,0,0,0,0,0,0,0,0,0,0,0,0,0,0,0,0,1,0,0,0,,,,,0,,,,,,,,,,,,,,1,tidak_ada_info,0,0,0,tidak_ada_rating,0,0.0,2
12483970499,node,fast_food,McDonald's,McDonald's,-7.25193,112.7831526,,,,,,1,0,0,0,0,0,0,0,0,0,0,0,0,1,0,0,0,0,0,0,1,0,0,0,,burger,,,0,,,,,,,,,,,,,,1,tidak_ada_info,0,0,1,tidak_ada_rating,0,0.0,2
12726094847,node,fast_food,Yoshinoya,Yoshinoya,-7.3104072,112.6791204,,,,,,1,0,0,0,0,0,0,0,0,0,0,0,0,1,0,0,0,0,0,0,1,0,0,0,,beef_bowl,,,0,,,,,,,,,,,,,,1,tidak_ada_info,0,0,1,tidak_ada_rating,0,0.0,2
13573350421,node,fast_food,Ayam Keprabon Express,,-7.3371582,112.7376503,,,,,,1,0,0,0,0,0,0,0,0,0,0,0,0,0,0,0,0,0,0,0,1,0,0,0,,,,,0,,,,,,,,,,,,,,1,tidak_ada_info,0,0,0,tidak_ada_rating,0,0.0,2
311401435,way,fast_food,McDonald's,McDonald's,-7.3311131,112.7757347,JL. Raya Rungkut Madya,57 -59,,,60293,1,0,1,0,0,1,0,1,0,0,0,0,0,1,0,0,0,0,0,0,1,1,0,0,24/7,burger,,,0,,,,,,,,,,,,,,4,minim,1,0,1,tidak_ada_rating,0,0.0,8
352416453,way,fast_food,McDonald's,McDonald's,-7.2794301,112.7653578,,,,,,1,0,0,0,0,1,0,0,0,0,0,0,0,1,1,1,1,0,0,0,1,1,0,0,24/7,burger,,,0,,,,,,,,,,,,,,2,minim,0,0,1,tidak_ada_rating,0,0.0,4
381190335,way,fast_food,McDonald's,McDonald's,-7.2642218,112.7414618,Jalan Jenderal Basuki Rachmat,,,,,1,0,0,0,0,1,0,1,0,0,0,0,0,1,1,1,1,0,0,0,1,1,0,0,24/7,burger,,,0,,,,,,,,,,,,,,3,minim,0,0,1,tidak_ada_rating,0,0.0,6
423209896,way,fast_food,Richeese Factory,KFC,-7.2647401,112.7413758,,,,,,1,0,0,0,0,1,0,1,0,0,0,0,0,1,0,0,1,0,0,0,1,1,0,0,24/7,chicken,,,0,,,,,,,,,,,,,,3,minim,0,0,1,tidak_ada_rating,0,0.0,6
435125358,way,fast_food,McDonald's,McDonald's,-7.282183,112.74073,Jalan Raya Darmo,41,,,60265,1,0,0,0,0,1,0,1,0,0,0,0,0,1,0,0,1,0,0,0,1,1,0,0,24/7,burger,,,0,,,,,,,,,,,,,,3,minim,0,0,1,tidak_ada_rating,0,0.0,6
444140319,way,fast_food,KFC,KFC,-7.319403,112.7326447,Jalan Jenderal Achmad Yani,,,,80231,1,0,0,0,0,1,0,0,0,0,0,0,0,1,1,1,0,0,0,0,1,1,0,0,24/7,chicken,,,0,,,,,,,,,,,,,,2,minim,0,0,1,tidak_ada_rating,0,0.0,4
462041079,way,fast_food,Richeese Factory,,-7.3112906,112.6832862,,,,,,1,0,0,0,0,0,0,0,0,0,0,0,0,0,0,0,0,0,0,0,1,0,0,0,,chicken,,,0,,,,,,,,,,,,,,1,tidak_ada_info,0,0,0,tidak_ada_rating,0,0.0,2
462043219,way,fast_food,Burger King,Burger King,-7.3114815,112.6845536,,,,,,1,0,0,0,0,0,0,0,0,0,0,0,0,1,0,0,0,0,0,0,1,0,0,0,,burger,,,0,,,,,,,,,,,,,,1,tidak_ada_info,0,0,1,tidak_ada_rating,0,0.0,2
767949906,way,fast_food,Burger King,Burger King,-7.2647988,112.7423638,,,,,,1,0,0,0,0,0,0,0,0,0,0,0,0,1,0,0,0,0,0,0,1,0,0,0,,burger,,,0,,,,,,,,,,,,,,1,tidak_ada_info,0,0,1,tidak_ada_rating,0,0.0,2
1223749908,way,fast_food,Cafetaria Informatika,,-7.2800658,112.7970123,,,,,,1,0,0,0,0,0,0,0,0,0,0,0,0,0,0,0,0,0,0,0,1,0,0,0,,,,,0,,,,,,,,,,,,,,1,tidak_ada_info,0,0,0,tidak_ada_rating,0,0.0,2
1275534850,way,fast_food,,,-7.2574342,112.6722204,,,,,,0,0,0,0,0,0,0,0,0,0,0,0,0,0,0,0,0,0,0,0,1,0,0,0,,,,,0,,,,,,,,,,,,,,0,tidak_ada_info,0,0,0,tidak_ada_rating,0,0.0,0
1374452219,way,fast_food,McDonald's,McDonald's,-7.3097221,112.679486,,,,,,1,0,0,0,0,0,0,0,0,0,0,0,0,1,0,0,0,0,0,0,1,0,0,0,,burger,,,0,,,,,,,,,,,,,,1,tidak_ada_info,0,0,1,tidak_ada_rating,0,0.0,2
1378457075,way,fast_food,McDonald's,McDonald's,-7.2352228,112.7328555,Jalan Rajawali,,,,,1,0,0,0,0,1,0,0,0,0,0,1,0,1,0,1,0,0,0,0,1,1,0,0,24/7,burger,,,0,,,,,,,,,,,,,,2,minim,0,0,1,tidak_ada_rating,0,0.0,4
1340820369,node,food_court,Loop Food Court,,-7.2936859,112.6763339,,,,,,1,0,0,0,0,0,0,0,0,0,0,0,0,0,0,0,1,0,0,0,1,0,0,0,,,,,0,,,,,,,,,,,,,,1,tidak_ada_info,0,0,0,tidak_ada_rating,0,0.0,2
3888200237,node,food_court,Kantin Kampus B,,-7.272375,112.7603365,,,,,,1,0,0,0,0,1,0,0,0,0,0,0,0,1,0,0,1,0,0,0,1,0,0,1,07:00-18:00,,,,0,,,,,,,,,,,,,,2,minim,0,0,1,tidak_ada_rating,0,0.0,4
4511314792,node,food_court,Fresh Market Citraland,,-7.2756296,112.6454826,,,,,,1,0,0,0,0,1,0,0,0,0,0,0,0,0,0,0,0,0,0,0,1,0,1,1,Mo-Su 05:30-15:00,,,,0,,,,,,,,,,,,,,2,minim,0,0,0,tidak_ada_rating,0,0.0,4
4616117041,node,food_court,Kantin RSU Bhakti Rahayu,,-7.3120513,112.722867,,,,,,1,0,0,0,0,0,0,0,0,0,0,0,0,0,0,0,0,0,0,0,1,0,0,0,,,,,0,,,,,,,,,,,,,,1,tidak_ada_info,0,0,0,tidak_ada_rating,0,0.0,2
4734640070,node,food_court,,,-7.3167229,112.7671527,,,,,,0,0,0,0,0,0,0,0,0,0,0,0,0,0,0,0,0,0,0,0,1,0,0,0,,,,,0,,,,,,,,,,,,,,0,tidak_ada_info,0,0,0,tidak_ada_rating,0,0.0,0
5466218207,node,food_court,,,-7.3354093,112.7551213,,,,,,0,0,0,0,0,0,0,0,0,0,0,0,0,0,0,0,0,0,0,0,1,0,0,0,,,,,0,,,,,,,,,,,,,,0,tidak_ada_info,0,0,0,tidak_ada_rating,0,0.0,0
5466664781,node,food_court,,,-7.2967483,112.6759679,,,,,,0,0,0,0,0,0,0,0,0,0,0,0,0,0,0,0,0,0,0,0,1,0,0,0,,,,,0,,,,,,,,,,,,,,0,tidak_ada_info,0,0,0,tidak_ada_rating,0,0.0,0
5897591882,node,food_court,Resto Park Cafe,,-7.2808237,112.7710077,,,,,,1,0,0,0,0,0,0,0,0,0,0,0,0,0,0,0,0,0,0,0,1,0,0,0,,,,,0,,,,,,,,,,,,,,1,tidak_ada_info,0,0,0,tidak_ada_rating,0,0.0,2
8503472911,node,food_court,,,-7.2906595,112.6740988,,,,,,0,0,0,0,0,0,0,0,0,0,0,0,0,0,0,0,0,0,0,0,1,0,0,0,,,,,0,,,,,,,,,,,,,,0,tidak_ada_info,0,0,0,tidak_ada_rating,0,0.0,0
12012470578,node,food_court,YOI KONA,,-7.2698347,112.7445953,,,,,,1,0,0,0,0,0,0,0,0,0,0,0,0,0,0,0,0,0,0,0,1,0,0,0,,,,,0,,,,,,,,,,,,,,1,tidak_ada_info,0,0,0,tidak_ada_rating,0,0.0,2
13265418688,node,food_court,Food Traffic,,-7.288295,112.6990574,Jalan Raya Bukit Darmo,22-24,,,60189,1,0,0,0,0,0,0,1,0,0,0,0,0,0,0,0,0,0,0,0,1,0,0,0,,,,,0,,,,,,,,,,,,,,2,minim,0,0,0,tidak_ada_rating,0,0.0,4
13415197801,node,food_court,,,-7.2368081,112.7369147,,,,,,0,0,0,0,0,0,0,0,0,0,0,0,0,0,0,0,0,0,0,0,1,0,0,0,,,,,0,,,,,,,,,,,,,,0,tidak_ada_info,0,0,0,tidak_ada_rating,0,0.0,0
13436634895,node,food_court,Food Court Taman Prestasi,,-7.2624359,112.7444758,,,,,,1,0,0,0,0,0,0,0,0,0,0,0,0,0,0,0,0,0,0,0,1,0,0,0,,,,,0,,,,,,,,,,,,,,1,tidak_ada_info,0,0,0,tidak_ada_rating,0,0.0,2
350820474,way,food_court,Kantin FBS,,-7.3020736,112.6689368,,,,,,1,0,0,0,0,0,0,0,0,0,0,0,0,0,0,0,0,0,0,0,1,0,0,0,,,,,0,,,,,,,,,,,,,,1,tidak_ada_info,0,0,0,tidak_ada_rating,0,0.0,2
448081591,way,food_court,Sentra PKL Dharmawangsa,,-7.2684248,112.7561913,Dharmawangsa,,,,,1,0,0,0,0,0,0,0,0,0,0,0,0,1,0,0,0,0,0,0,1,0,0,0,,,,,0,,,,,,,,,,,,,,1,tidak_ada_info,0,0,1,tidak_ada_rating,0,0.0,2
450513423,way,food_court,Food Lokal,,-7.2733581,112.7469905,,,,,,1,0,0,0,0,0,0,0,0,0,0,0,0,0,0,0,0,0,0,0,1,0,0,0,,,,,0,,,,,,,,,,,,,,1,tidak_ada_info,0,0,0,tidak_ada_rating,0,0.0,2
467069882,way,food_court,Kantin FISIP,,-7.272497,112.7593804,,,,,,1,0,0,0,0,1,0,0,0,0,0,0,0,1,0,0,1,0,0,0,1,0,0,1,07:00-16:00,,,,0,,,,,,,,,,,,,,2,minim,0,0,1,tidak_ada_rating,0,0.0,4
800250314,way,food_court,Sentra Wisata Kuliner Wonorejo,,-7.3123157,112.7887057,,,,,,1,0,0,0,0,1,0,0,0,0,0,0,0,0,0,0,0,0,0,0,1,0,1,1,sunrise-sunset,,,,0,,,,,,,,,,,,,,2,minim,0,0,0,tidak_ada_rating,0,0.0,4
801863444,way,food_court,,,-7.3127563,112.7895266,,,,,,0,0,0,0,0,0,0,0,0,0,0,0,0,0,0,0,0,0,0,0,1,0,0,0,,,,,0,,,,,,,,,,,,,,0,tidak_ada_info,0,0,0,tidak_ada_rating,0,0.0,0
876203000,way,food_court,Pujasera Taman Bungkul,,-7.2915938,112.7402946,,,,,,1,0,0,0,0,0,0,0,0,0,0,0,0,0,0,0,0,0,0,0,1,0,0,0,,,,,0,,,,,,,,,,,,,,1,tidak_ada_info,0,0,0,tidak_ada_rating,0,0.0,2
1136639183,way,food_court,Kantin Unesa,,-7.3010693,112.6722298,,,,,,1,0,0,0,0,0,0,0,0,0,0,0,0,0,0,0,0,0,0,0,1,0,0,0,,,,,0,,,,,,,,,,,,,,1,tidak_ada_info,0,0,0,tidak_ada_rating,0,0.0,2
1136639207,way,food_court,Kantin FIP,,-7.3017683,112.6704283,,,,,,1,0,0,0,0,0,0,0,0,0,0,0,0,0,0,0,0,0,0,0,1,0,0,0,,,,,0,,,,,,,,,,,,,,1,tidak_ada_info,0,0,0,tidak_ada_rating,0,0.0,2
1373749924,way,food_court,Park Shanghai,,-7.2761092,112.8069802,,,,,,1,0,0,0,0,0,0,0,0,0,0,0,0,0,0,0,1,0,0,0,1,0,0,0,,,,,0,,,,,,,,,,,,,,1,tidak_ada_info,0,0,0,tidak_ada_rating,0,0.0,2
1373749926,way,food_court,The Courtyard,,-7.275613,112.8063308,,,,,,1,0,0,0,0,0,0,0,0,0,0,0,0,0,0,0,1,0,0,0,1,0,0,0,,,,,0,,,,,,,,,,,,,,1,tidak_ada_info,0,0,0,tidak_ada_rating,0,0.0,2
4601097897,node,ice_cream,Frut-o,,-7.2932639,112.676047,,,,,,1,1,1,0,0,1,0,0,0,0,0,0,0,0,0,0,0,0,0,0,1,0,1,1,Mo-Su 10:00-21:30,,,,0,,,,,,,,,,,,,,4,minim,1,0,0,tidak_ada_rating,0,0.0,8
5466218208,node,ice_cream,Campina factory,,-7.3242346,112.7561911,,,,,,1,0,0,0,0,0,0,0,0,0,0,0,0,0,0,0,0,0,0,0,1,0,0,0,,,,,0,,,,,,,,,,,,,,1,tidak_ada_info,0,0,0,tidak_ada_rating,0,0.0,2
6621178654,node,ice_cream,Baskin-Robbins,Baskin-Robbins,-7.2625535,112.7380786,,,,,,1,0,0,0,0,0,0,0,0,0,0,0,0,0,0,0,0,0,0,0,1,0,0,0,,ice_cream,,,1,,,,,,,,,,,,,,1,tidak_ada_info,0,0,0,tidak_ada_rating,0,0.0,2
6621178655,node,ice_cream,Häagen-Dazs,,-7.2626116,112.7383726,,,,,,1,0,0,0,0,0,0,0,0,0,0,0,0,0,0,0,0,0,0,0,1,0,0,0,,,,,0,,,,,,,,,,,,,,1,tidak_ada_info,0,0,0,tidak_ada_rating,0,0.0,2
7496871503,node,ice_cream,Sour Sally,,-7.274977,112.7825257,,,,,,1,0,0,0,0,0,0,0,0,0,0,0,0,0,0,0,0,0,0,0,1,0,0,0,,,,,0,,,,,,,,,,,,,,1,tidak_ada_info,0,0,0,tidak_ada_rating,0,0.0,2
11733317884,node,ice_cream,Orlando,,-7.2329677,112.7369139,Jalan Kalisosok Lor,,,,,1,0,0,0,0,0,0,0,0,0,0,0,0,0,0,0,0,0,0,0,1,0,0,0,,,,,0,,,,,,,,,,,,,,1,tidak_ada_info,0,0,0,tidak_ada_rating,0,0.0,2
12215189340,node,ice_cream,Gelateria,,-7.2594966,112.7387547,,,,,,1,0,0,0,0,0,0,0,0,0,0,0,0,0,0,0,0,0,0,0,1,0,0,0,,,,,0,,,,,,,,,,,,,,1,tidak_ada_info,0,0,0,tidak_ada_rating,0,0.0,2
12284602730,node,ice_cream,Momoyo,,-7.2681234,112.7139042,,,,,,1,0,0,0,0,0,0,0,0,0,0,0,0,0,0,0,0,0,0,0,1,0,0,0,,,,,0,,,,,,,,,,,,,,1,tidak_ada_info,0,0,0,tidak_ada_rating,0,0.0,2
